InningsID,MatchID,PlayerName,PlayerID,Team,RunsScored,BallsFaced,FoursCount,SixesCount,StrikeRate
INN_5001,M_1001,Rohit Sharma,IND_100,India,108,68,13,6,158.82
INN_5001,M_1001,Shubman Gill,IND_101,India,27,52,3,1,51.92
INN_5001,M_1001,Virat Kohli,IND_102,India,93,59,11,5,157.63
INN_5001,M_1001,Shreyas Iyer,IND_103,India,71,46,8,4,154.35
INN_5001,M_1001,KL Rahul,IND_104,India,122,69,15,7,176.81
INN_5001,M_1001,Hardik Pandya,IND_105,India,14,10,1,0,140
INN_5001,M_1001,Ravindra Jadeja,IND_106,India,21,25,2,1,84
INN_5001,M_1001,Kuldeep Yadav,IND_107,India,28,18,3,1,155.56
INN_5001,M_1001,Mohammed Shami,IND_108,India,26,21,3,1,123.81
INN_5001,M_1001,Jasprit Bumrah,IND_109,India,14,13,1,0,107.69
INN_5001,M_1001,Mohammed Siraj,IND_110,India,109,66,13,6,165.15
INN_5002,M_1001,Abdullah Shafique,PAK_145,Pakistan,28,30,3,1,93.33
INN_5002,M_1001,Fakhar Zaman,PAK_146,Pakistan,71,43,8,4,165.12
INN_5002,M_1001,Babar Azam,PAK_147,Pakistan,68,42,8,4,161.9
INN_5002,M_1001,Mohammad Rizwan,PAK_148,Pakistan,24,27,3,1,88.89
INN_5002,M_1001,Saud Shakeel,PAK_149,Pakistan,46,31,5,2,148.39
INN_5002,M_1001,Iftikhar Ahmed,PAK_150,Pakistan,65,71,8,4,91.55
INN_5002,M_1001,Shadab Khan,PAK_151,Pakistan,39,36,4,2,108.33
INN_5002,M_1001,Usama Mir,PAK_152,Pakistan,45,51,5,2,88.24
INN_5002,M_1001,Shaheen Afridi,PAK_153,Pakistan,46,30,5,2,153.33
INN_5002,M_1001,Haris Rauf,PAK_154,Pakistan,116,72,14,7,161.11
INN_5002,M_1001,Hasan Ali,PAK_155,Pakistan,30,20,3,1,150
INN_5003,M_1002,Rohit Sharma,IND_100,India,89,51,11,5,174.51
INN_5003,M_1002,Shubman Gill,IND_101,India,66,39,8,4,169.23
INN_5003,M_1002,Virat Kohli,IND_102,India,13,17,1,0,76.47
INN_5003,M_1002,Shreyas Iyer,IND_103,India,47,63,5,2,74.6
INN_5003,M_1002,KL Rahul,IND_104,India,33,51,4,2,64.71
INN_5003,M_1002,Hardik Pandya,IND_105,India,60,55,7,3,109.09
INN_5003,M_1002,Ravindra Jadeja,IND_106,India,17,13,2,1,130.77
INN_5003,M_1002,Kuldeep Yadav,IND_107,India,85,71,10,5,119.72
INN_5003,M_1002,Mohammed Shami,IND_108,India,18,35,2,1,51.43
INN_5003,M_1002,Jasprit Bumrah,IND_109,India,9,17,1,0,52.94
INN_5003,M_1002,Mohammed Siraj,IND_110,India,12,16,1,0,75
INN_5004,M_1002,Abdullah Shafique,PAK_145,Pakistan,17,32,2,1,53.12
INN_5004,M_1002,Fakhar Zaman,PAK_146,Pakistan,114,68,14,7,167.65
INN_5004,M_1002,Babar Azam,PAK_147,Pakistan,74,66,9,4,112.12
INN_5004,M_1002,Mohammad Rizwan,PAK_148,Pakistan,62,64,7,3,96.88
INN_5004,M_1002,Saud Shakeel,PAK_149,Pakistan,82,63,10,5,130.16
INN_5004,M_1002,Iftikhar Ahmed,PAK_150,Pakistan,15,9,1,0,166.67
INN_5004,M_1002,Shadab Khan,PAK_151,Pakistan,45,56,5,2,80.36
INN_5004,M_1002,Usama Mir,PAK_152,Pakistan,48,74,6,3,64.86
INN_5004,M_1002,Shaheen Afridi,PAK_153,Pakistan,121,73,15,7,165.75
INN_5004,M_1002,Haris Rauf,PAK_154,Pakistan,21,36,2,1,58.33
INN_5004,M_1002,Hasan Ali,PAK_155,Pakistan,58,45,7,3,128.89
INN_5005,M_1003,Jonny Bairstow,ENG_130,England,30,32,3,1,93.75
INN_5005,M_1003,Dawid Malan,ENG_131,England,45,66,5,2,68.18
INN_5005,M_1003,Joe Root,ENG_132,England,41,72,5,2,56.94
INN_5005,M_1003,Ben Stokes,ENG_133,England,118,79,14,7,149.37
INN_5005,M_1003,Jos Buttler,ENG_134,England,16,17,2,1,94.12
INN_5005,M_1003,Liam Livingstone,ENG_135,England,39,71,4,2,54.93
INN_5005,M_1003,Moeen Ali,ENG_136,England,40,37,5,2,108.11
INN_5005,M_1003,Chris Woakes,ENG_137,England,8,17,1,0,47.06
INN_5005,M_1003,David Willey,ENG_138,England,80,54,10,5,148.15
INN_5005,M_1003,Adil Rashid,ENG_139,England,51,30,6,3,170
INN_5005,M_1003,Mark Wood,ENG_140,England,118,78,14,7,151.28
INN_5006,M_1003,Abdullah Shafique,PAK_145,Pakistan,100,56,12,6,178.57
INN_5006,M_1003,Fakhar Zaman,PAK_146,Pakistan,22,37,2,1,59.46
INN_5006,M_1003,Babar Azam,PAK_147,Pakistan,37,22,4,2,168.18
INN_5006,M_1003,Mohammad Rizwan,PAK_148,Pakistan,22,14,2,1,157.14
INN_5006,M_1003,Saud Shakeel,PAK_149,Pakistan,51,72,6,3,70.83
INN_5006,M_1003,Iftikhar Ahmed,PAK_150,Pakistan,126,76,15,7,165.79
INN_5006,M_1003,Shadab Khan,PAK_151,Pakistan,30,22,3,1,136.36
INN_5006,M_1003,Usama Mir,PAK_152,Pakistan,40,24,5,2,166.67
INN_5006,M_1003,Shaheen Afridi,PAK_153,Pakistan,57,73,7,3,78.08
INN_5006,M_1003,Haris Rauf,PAK_154,Pakistan,15,9,1,0,166.67
INN_5006,M_1003,Hasan Ali,PAK_155,Pakistan,39,45,4,2,86.67
INN_5007,M_1004,Rohit Sharma,IND_100,India,11,17,1,0,64.71
INN_5007,M_1004,Shubman Gill,IND_101,India,17,21,2,1,80.95
INN_5007,M_1004,Virat Kohli,IND_102,India,23,14,2,1,164.29
INN_5007,M_1004,Shreyas Iyer,IND_103,India,43,51,5,2,84.31
INN_5007,M_1004,KL Rahul,IND_104,India,7,13,0,0,53.85
INN_5007,M_1004,Hardik Pandya,IND_105,India,69,46,8,4,150
INN_5007,M_1004,Ravindra Jadeja,IND_106,India,22,28,2,1,78.57
INN_5007,M_1004,Kuldeep Yadav,IND_107,India,7,9,0,0,77.78
INN_5007,M_1004,Mohammed Shami,IND_108,India,54,41,6,3,131.71
INN_5007,M_1004,Jasprit Bumrah,IND_109,India,34,54,4,2,62.96
INN_5007,M_1004,Mohammed Siraj,IND_110,India,16,27,2,1,59.26
INN_5008,M_1004,Abdullah Shafique,PAK_145,Pakistan,13,10,1,0,130
INN_5008,M_1004,Fakhar Zaman,PAK_146,Pakistan,52,37,6,3,140.54
INN_5008,M_1004,Babar Azam,PAK_147,Pakistan,51,66,6,3,77.27
INN_5008,M_1004,Mohammad Rizwan,PAK_148,Pakistan,47,72,5,2,65.28
INN_5008,M_1004,Saud Shakeel,PAK_149,Pakistan,25,49,3,1,51.02
INN_5008,M_1004,Iftikhar Ahmed,PAK_150,Pakistan,18,21,2,1,85.71
INN_5008,M_1004,Shadab Khan,PAK_151,Pakistan,49,58,6,3,84.48
INN_5008,M_1004,Usama Mir,PAK_152,Pakistan,25,17,3,1,147.06
INN_5008,M_1004,Shaheen Afridi,PAK_153,Pakistan,13,27,1,0,48.15
INN_5008,M_1004,Haris Rauf,PAK_154,Pakistan,13,17,1,0,76.47
INN_5008,M_1004,Hasan Ali,PAK_155,Pakistan,58,37,7,3,156.76
INN_5009,M_1005,Jonny Bairstow,ENG_130,England,18,12,2,1,150
INN_5009,M_1005,Dawid Malan,ENG_131,England,101,74,12,6,136.49
INN_5009,M_1005,Joe Root,ENG_132,England,31,50,3,1,62
INN_5009,M_1005,Ben Stokes,ENG_133,England,5,10,0,0,50
INN_5009,M_1005,Jos Buttler,ENG_134,England,67,46,8,4,145.65
INN_5009,M_1005,Liam Livingstone,ENG_135,England,66,51,8,4,129.41
INN_5009,M_1005,Moeen Ali,ENG_136,England,26,34,3,1,76.47
INN_5009,M_1005,Chris Woakes,ENG_137,England,76,43,9,4,176.74
INN_5009,M_1005,David Willey,ENG_138,England,52,45,6,3,115.56
INN_5009,M_1005,Adil Rashid,ENG_139,England,101,62,12,6,162.9
INN_5009,M_1005,Mark Wood,ENG_140,England,14,9,1,0,155.56
INN_5010,M_1005,Rohit Sharma,IND_100,India,8,9,1,0,88.89
INN_5010,M_1005,Shubman Gill,IND_101,India,112,80,14,7,140
INN_5010,M_1005,Virat Kohli,IND_102,India,15,22,1,0,68.18
INN_5010,M_1005,Shreyas Iyer,IND_103,India,8,8,1,0,100
INN_5010,M_1005,KL Rahul,IND_104,India,29,51,3,1,56.86
INN_5010,M_1005,Hardik Pandya,IND_105,India,15,21,1,0,71.43
INN_5010,M_1005,Ravindra Jadeja,IND_106,India,17,17,2,1,100
INN_5010,M_1005,Kuldeep Yadav,IND_107,India,72,79,9,4,91.14
INN_5010,M_1005,Mohammed Shami,IND_108,India,44,33,5,2,133.33
INN_5010,M_1005,Jasprit Bumrah,IND_109,India,13,25,1,0,52
INN_5010,M_1005,Mohammed Siraj,IND_110,India,47,66,5,2,71.21
INN_5011,M_1006,Abdullah Shafique,PAK_145,Pakistan,40,52,5,2,76.92
INN_5011,M_1006,Fakhar Zaman,PAK_146,Pakistan,22,14,2,1,157.14
INN_5011,M_1006,Babar Azam,PAK_147,Pakistan,122,71,15,7,171.83
INN_5011,M_1006,Mohammad Rizwan,PAK_148,Pakistan,53,40,6,3,132.5
INN_5011,M_1006,Saud Shakeel,PAK_149,Pakistan,36,54,4,2,66.67
INN_5011,M_1006,Iftikhar Ahmed,PAK_150,Pakistan,17,16,2,1,106.25
INN_5011,M_1006,Shadab Khan,PAK_151,Pakistan,38,56,4,2,67.86
INN_5011,M_1006,Usama Mir,PAK_152,Pakistan,13,12,1,0,108.33
INN_5011,M_1006,Shaheen Afridi,PAK_153,Pakistan,20,24,2,1,83.33
INN_5011,M_1006,Haris Rauf,PAK_154,Pakistan,40,48,5,2,83.33
INN_5011,M_1006,Hasan Ali,PAK_155,Pakistan,27,35,3,1,77.14
INN_5012,M_1006,Rohit Sharma,IND_100,India,6,5,0,0,120
INN_5012,M_1006,Shubman Gill,IND_101,India,45,61,5,2,73.77
INN_5012,M_1006,Virat Kohli,IND_102,India,58,45,7,3,128.89
INN_5012,M_1006,Shreyas Iyer,IND_103,India,21,15,2,1,140
INN_5012,M_1006,KL Rahul,IND_104,India,10,20,1,0,50
INN_5012,M_1006,Hardik Pandya,IND_105,India,19,28,2,1,67.86
INN_5012,M_1006,Ravindra Jadeja,IND_106,India,21,39,2,1,53.85
INN_5012,M_1006,Kuldeep Yadav,IND_107,India,29,38,3,1,76.32
INN_5012,M_1006,Mohammed Shami,IND_108,India,31,19,3,1,163.16
INN_5012,M_1006,Jasprit Bumrah,IND_109,India,67,54,8,4,124.07
INN_5013,M_1007,Jonny Bairstow,ENG_130,England,15,19,1,0,78.95
INN_5013,M_1007,Dawid Malan,ENG_131,England,101,80,12,6,126.25
INN_5013,M_1007,Joe Root,ENG_132,England,92,70,11,5,131.43
INN_5013,M_1007,Ben Stokes,ENG_133,England,55,79,6,3,69.62
INN_5013,M_1007,Jos Buttler,ENG_134,England,34,22,4,2,154.55
INN_5013,M_1007,Liam Livingstone,ENG_135,England,64,38,8,4,168.42
INN_5013,M_1007,Moeen Ali,ENG_136,England,37,42,4,2,88.1
INN_5013,M_1007,Chris Woakes,ENG_137,England,7,10,0,0,70
INN_5013,M_1007,David Willey,ENG_138,England,19,15,2,1,126.67
INN_5013,M_1007,Adil Rashid,ENG_139,England,38,70,4,2,54.29
INN_5013,M_1007,Mark Wood,ENG_140,England,81,60,10,5,135
INN_5014,M_1007,Rohit Sharma,IND_100,India,105,80,13,6,131.25
INN_5014,M_1007,Shubman Gill,IND_101,India,116,80,14,7,145
INN_5014,M_1007,Virat Kohli,IND_102,India,68,45,8,4,151.11
INN_5014,M_1007,Shreyas Iyer,IND_103,India,37,46,4,2,80.43
INN_5014,M_1007,KL Rahul,IND_104,India,73,61,9,4,119.67
INN_5014,M_1007,Hardik Pandya,IND_105,India,16,13,2,1,123.08
INN_5014,M_1007,Ravindra Jadeja,IND_106,India,16,19,2,1,84.21
INN_5014,M_1007,Kuldeep Yadav,IND_107,India,73,47,9,4,155.32
INN_5014,M_1007,Mohammed Shami,IND_108,India,34,64,4,2,53.12
INN_5014,M_1007,Jasprit Bumrah,IND_109,India,24,14,3,1,171.43
INN_5014,M_1007,Mohammed Siraj,IND_110,India,13,26,1,0,50
INN_5015,M_1008,Abdullah Shafique,PAK_145,Pakistan,79,48,9,4,164.58
INN_5015,M_1008,Fakhar Zaman,PAK_146,Pakistan,15,15,1,0,100
INN_5015,M_1008,Babar Azam,PAK_147,Pakistan,48,77,6,3,62.34
INN_5015,M_1008,Mohammad Rizwan,PAK_148,Pakistan,120,69,15,7,173.91
INN_5015,M_1008,Saud Shakeel,PAK_149,Pakistan,13,10,1,0,130
INN_5015,M_1008,Iftikhar Ahmed,PAK_150,Pakistan,19,36,2,1,52.78
INN_5015,M_1008,Shadab Khan,PAK_151,Pakistan,36,41,4,2,87.8
INN_5015,M_1008,Usama Mir,PAK_152,Pakistan,35,44,4,2,79.55
INN_5015,M_1008,Shaheen Afridi,PAK_153,Pakistan,45,33,5,2,136.36
INN_5015,M_1008,Haris Rauf,PAK_154,Pakistan,16,16,2,1,100
INN_5015,M_1008,Hasan Ali,PAK_155,Pakistan,75,69,9,4,108.7
INN_5016,M_1008,Jonny Bairstow,ENG_130,England,6,8,0,0,75
INN_5016,M_1008,Dawid Malan,ENG_131,England,42,30,5,2,140
INN_5016,M_1008,Joe Root,ENG_132,England,8,6,1,0,133.33
INN_5016,M_1008,Ben Stokes,ENG_133,England,64,42,8,4,152.38
INN_5016,M_1008,Jos Buttler,ENG_134,England,51,74,6,3,68.92
INN_5016,M_1008,Liam Livingstone,ENG_135,England,104,59,13,6,176.27
INN_5016,M_1008,Moeen Ali,ENG_136,England,75,46,9,4,163.04
INN_5016,M_1008,Chris Woakes,ENG_137,England,38,43,4,2,88.37
INN_5016,M_1008,David Willey,ENG_138,England,101,62,12,6,162.9
INN_5016,M_1008,Adil Rashid,ENG_139,England,5,7,0,0,71.43
INN_5016,M_1008,Mark Wood,ENG_140,England,6,6,0,0,100
INN_5017,M_1009,Abdullah Shafique,PAK_145,Pakistan,60,64,7,3,93.75
INN_5017,M_1009,Fakhar Zaman,PAK_146,Pakistan,85,52,10,5,163.46
INN_5017,M_1009,Babar Azam,PAK_147,Pakistan,11,13,1,0,84.62
INN_5017,M_1009,Mohammad Rizwan,PAK_148,Pakistan,94,62,11,5,151.61
INN_5017,M_1009,Saud Shakeel,PAK_149,Pakistan,32,60,4,2,53.33
INN_5017,M_1009,Iftikhar Ahmed,PAK_150,Pakistan,91,52,11,5,175
INN_5017,M_1009,Shadab Khan,PAK_151,Pakistan,8,6,1,0,133.33
INN_5017,M_1009,Usama Mir,PAK_152,Pakistan,51,61,6,3,83.61
INN_5017,M_1009,Shaheen Afridi,PAK_153,Pakistan,36,59,4,2,61.02
INN_5017,M_1009,Haris Rauf,PAK_154,Pakistan,23,42,2,1,54.76
INN_5017,M_1009,Hasan Ali,PAK_155,Pakistan,31,27,3,1,114.81
INN_5018,M_1009,David Warner,AUS_115,Australia,29,24,3,1,120.83
INN_5018,M_1009,Travis Head,AUS_116,Australia,119,67,14,7,177.61
INN_5018,M_1009,Mitchell Marsh,AUS_117,Australia,55,56,6,3,98.21
INN_5018,M_1009,Steve Smith,AUS_118,Australia,63,37,7,3,170.27
INN_5018,M_1009,Marnus Labuschagne,AUS_119,Australia,35,32,4,2,109.38
INN_5018,M_1009,Glenn Maxwell,AUS_120,Australia,51,51,6,3,100
INN_5018,M_1009,Josh Inglis,AUS_121,Australia,17,29,2,1,58.62
INN_5018,M_1009,Pat Cummins,AUS_122,Australia,98,57,12,6,171.93
INN_5018,M_1009,Mitchell Starc,AUS_123,Australia,67,79,8,4,84.81
INN_5018,M_1009,Adam Zampa,AUS_124,Australia,35,30,4,2,116.67
INN_5018,M_1009,Josh Hazlewood,AUS_125,Australia,77,44,9,4,175
INN_5019,M_1010,David Warner,AUS_115,Australia,21,39,2,1,53.85
INN_5019,M_1010,Travis Head,AUS_116,Australia,5,10,0,0,50
INN_5019,M_1010,Mitchell Marsh,AUS_117,Australia,3,7,0,0,42.86
INN_5019,M_1010,Steve Smith,AUS_118,Australia,81,46,10,5,176.09
INN_5019,M_1010,Marnus Labuschagne,AUS_119,Australia,21,42,2,1,50
INN_5019,M_1010,Glenn Maxwell,AUS_120,Australia,18,14,2,1,128.57
INN_5019,M_1010,Josh Inglis,AUS_121,Australia,75,54,9,4,138.89
INN_5019,M_1010,Pat Cummins,AUS_122,Australia,39,54,4,2,72.22
INN_5019,M_1010,Mitchell Starc,AUS_123,Australia,29,53,3,1,54.72
INN_5019,M_1010,Adam Zampa,AUS_124,Australia,63,41,7,3,153.66
INN_5019,M_1010,Josh Hazlewood,AUS_125,Australia,12,13,1,0,92.31
INN_5020,M_1010,Rohit Sharma,IND_100,India,32,53,4,2,60.38
INN_5020,M_1010,Shubman Gill,IND_101,India,76,61,9,4,124.59
INN_5020,M_1010,Virat Kohli,IND_102,India,6,6,0,0,100
INN_5020,M_1010,Shreyas Iyer,IND_103,India,80,45,10,5,177.78
INN_5020,M_1010,KL Rahul,IND_104,India,79,66,9,4,119.7
INN_5020,M_1010,Hardik Pandya,IND_105,India,24,46,3,1,52.17
INN_5020,M_1010,Ravindra Jadeja,IND_106,India,44,74,5,2,59.46
INN_5020,M_1010,Kuldeep Yadav,IND_107,India,10,15,1,0,66.67
INN_5020,M_1010,Mohammed Shami,IND_108,India,107,64,13,6,167.19
INN_5020,M_1010,Jasprit Bumrah,IND_109,India,9,14,1,0,64.29
INN_5020,M_1010,Mohammed Siraj,IND_110,India,42,36,5,2,116.67
INN_5021,M_1011,Rohit Sharma,IND_100,India,58,38,7,3,152.63
INN_5021,M_1011,Shubman Gill,IND_101,India,32,34,4,2,94.12
INN_5021,M_1011,Virat Kohli,IND_102,India,117,70,14,7,167.14
INN_5021,M_1011,Shreyas Iyer,IND_103,India,23,17,2,1,135.29
INN_5021,M_1011,KL Rahul,IND_104,India,13,8,1,0,162.5
INN_5021,M_1011,Hardik Pandya,IND_105,India,122,69,15,7,176.81
INN_5021,M_1011,Ravindra Jadeja,IND_106,India,4,5,0,0,80
INN_5021,M_1011,Kuldeep Yadav,IND_107,India,17,32,2,1,53.12
INN_5021,M_1011,Mohammed Shami,IND_108,India,7,9,0,0,77.78
INN_5021,M_1011,Jasprit Bumrah,IND_109,India,15,12,1,0,125
INN_5021,M_1011,Mohammed Siraj,IND_110,India,17,14,2,1,121.43
INN_5022,M_1011,David Warner,AUS_115,Australia,73,70,9,4,104.29
INN_5022,M_1011,Travis Head,AUS_116,Australia,29,46,3,1,63.04
INN_5022,M_1011,Mitchell Marsh,AUS_117,Australia,37,31,4,2,119.35
INN_5022,M_1011,Steve Smith,AUS_118,Australia,29,58,3,1,50
INN_5022,M_1011,Marnus Labuschagne,AUS_119,Australia,39,48,4,2,81.25
INN_5022,M_1011,Glenn Maxwell,AUS_120,Australia,19,21,2,1,90.48
INN_5022,M_1011,Josh Inglis,AUS_121,Australia,42,38,5,2,110.53
INN_5022,M_1011,Pat Cummins,AUS_122,Australia,43,36,5,2,119.44
INN_5022,M_1011,Mitchell Starc,AUS_123,Australia,68,59,8,4,115.25
INN_5022,M_1011,Adam Zampa,AUS_124,Australia,55,34,6,3,161.76
INN_5022,M_1011,Josh Hazlewood,AUS_125,Australia,44,55,5,2,80
INN_5023,M_1012,Jonny Bairstow,ENG_130,England,32,44,4,2,72.73
INN_5023,M_1012,Dawid Malan,ENG_131,England,31,38,3,1,81.58
INN_5023,M_1012,Joe Root,ENG_132,England,37,33,4,2,112.12
INN_5023,M_1012,Ben Stokes,ENG_133,England,49,28,6,3,175
INN_5023,M_1012,Jos Buttler,ENG_134,England,29,19,3,1,152.63
INN_5023,M_1012,Liam Livingstone,ENG_135,England,43,60,5,2,71.67
INN_5023,M_1012,Moeen Ali,ENG_136,England,94,70,11,5,134.29
INN_5023,M_1012,Chris Woakes,ENG_137,England,74,49,9,4,151.02
INN_5023,M_1012,David Willey,ENG_138,England,70,49,8,4,142.86
INN_5023,M_1012,Adil Rashid,ENG_139,England,74,62,9,4,119.35
INN_5023,M_1012,Mark Wood,ENG_140,England,10,6,1,0,166.67
INN_5024,M_1012,David Warner,AUS_115,Australia,111,69,13,6,160.87
INN_5024,M_1012,Travis Head,AUS_116,Australia,29,46,3,1,63.04
INN_5024,M_1012,Mitchell Marsh,AUS_117,Australia,79,60,9,4,131.67
INN_5024,M_1012,Steve Smith,AUS_118,Australia,119,80,14,7,148.75
INN_5024,M_1012,Marnus Labuschagne,AUS_119,Australia,46,33,5,2,139.39
INN_5024,M_1012,Glenn Maxwell,AUS_120,Australia,59,37,7,3,159.46
INN_5024,M_1012,Josh Inglis,AUS_121,Australia,36,70,4,2,51.43
INN_5024,M_1012,Pat Cummins,AUS_122,Australia,11,21,1,0,52.38
INN_5024,M_1012,Mitchell Starc,AUS_123,Australia,36,25,4,2,144
INN_5024,M_1012,Adam Zampa,AUS_124,Australia,29,54,3,1,53.7
INN_5024,M_1012,Josh Hazlewood,AUS_125,Australia,29,28,3,1,103.57
INN_5025,M_1013,Abdullah Shafique,PAK_145,Pakistan,5,6,0,0,83.33
INN_5025,M_1013,Fakhar Zaman,PAK_146,Pakistan,71,46,8,4,154.35
INN_5025,M_1013,Babar Azam,PAK_147,Pakistan,52,66,6,3,78.79
INN_5025,M_1013,Mohammad Rizwan,PAK_148,Pakistan,67,67,8,4,100
INN_5025,M_1013,Saud Shakeel,PAK_149,Pakistan,51,45,6,3,113.33
INN_5025,M_1013,Iftikhar Ahmed,PAK_150,Pakistan,74,42,9,4,176.19
INN_5025,M_1013,Shadab Khan,PAK_151,Pakistan,18,20,2,1,90
INN_5025,M_1013,Usama Mir,PAK_152,Pakistan,130,73,16,8,178.08
INN_5025,M_1013,Shaheen Afridi,PAK_153,Pakistan,124,77,15,7,161.04
INN_5025,M_1013,Haris Rauf,PAK_154,Pakistan,20,17,2,1,117.65
INN_5025,M_1013,Hasan Ali,PAK_155,Pakistan,38,69,4,2,55.07
INN_5026,M_1013,David Warner,AUS_115,Australia,11,8,1,0,137.5
INN_5026,M_1013,Travis Head,AUS_116,Australia,17,27,2,1,62.96
INN_5026,M_1013,Mitchell Marsh,AUS_117,Australia,73,71,9,4,102.82
INN_5026,M_1013,Steve Smith,AUS_118,Australia,37,60,4,2,61.67
INN_5026,M_1013,Marnus Labuschagne,AUS_119,Australia,111,71,13,6,156.34
INN_5026,M_1013,Glenn Maxwell,AUS_120,Australia,88,61,11,5,144.26
INN_5026,M_1013,Josh Inglis,AUS_121,Australia,36,27,4,2,133.33
INN_5026,M_1013,Pat Cummins,AUS_122,Australia,63,64,7,3,98.44
INN_5026,M_1013,Mitchell Starc,AUS_123,Australia,12,7,1,0,171.43
INN_5026,M_1013,Adam Zampa,AUS_124,Australia,79,64,9,4,123.44
INN_5026,M_1013,Josh Hazlewood,AUS_125,Australia,14,11,1,0,127.27
INN_5027,M_1014,Rohit Sharma,IND_100,India,98,59,12,6,166.1
INN_5027,M_1014,Shubman Gill,IND_101,India,11,11,1,0,100
INN_5027,M_1014,Virat Kohli,IND_102,India,6,8,0,0,75
INN_5027,M_1014,Shreyas Iyer,IND_103,India,124,79,15,7,156.96
INN_5027,M_1014,KL Rahul,IND_104,India,48,59,6,3,81.36
INN_5027,M_1014,Hardik Pandya,IND_105,India,90,76,11,5,118.42
INN_5027,M_1014,Ravindra Jadeja,IND_106,India,81,51,10,5,158.82
INN_5027,M_1014,Kuldeep Yadav,IND_107,India,49,32,6,3,153.12
INN_5027,M_1014,Mohammed Shami,IND_108,India,42,34,5,2,123.53
INN_5027,M_1014,Jasprit Bumrah,IND_109,India,62,52,7,3,119.23
INN_5027,M_1014,Mohammed Siraj,IND_110,India,21,37,2,1,56.76
INN_5028,M_1014,Abdullah Shafique,PAK_145,Pakistan,20,28,2,1,71.43
INN_5028,M_1014,Fakhar Zaman,PAK_146,Pakistan,37,74,4,2,50
INN_5028,M_1014,Babar Azam,PAK_147,Pakistan,41,52,5,2,78.85
INN_5028,M_1014,Mohammad Rizwan,PAK_148,Pakistan,48,46,6,3,104.35
INN_5028,M_1014,Saud Shakeel,PAK_149,Pakistan,22,21,2,1,104.76
INN_5028,M_1014,Iftikhar Ahmed,PAK_150,Pakistan,35,20,4,2,175
INN_5028,M_1014,Shadab Khan,PAK_151,Pakistan,127,74,15,7,171.62
INN_5028,M_1014,Usama Mir,PAK_152,Pakistan,48,53,6,3,90.57
INN_5028,M_1014,Shaheen Afridi,PAK_153,Pakistan,66,57,8,4,115.79
INN_5028,M_1014,Haris Rauf,PAK_154,Pakistan,34,25,4,2,136
INN_5028,M_1014,Hasan Ali,PAK_155,Pakistan,40,37,5,2,108.11
INN_5029,M_1015,Rohit Sharma,IND_100,India,29,19,3,1,152.63
INN_5029,M_1015,Shubman Gill,IND_101,India,29,17,3,1,170.59
INN_5029,M_1015,Virat Kohli,IND_102,India,103,68,12,6,151.47
INN_5029,M_1015,Shreyas Iyer,IND_103,India,44,65,5,2,67.69
INN_5029,M_1015,KL Rahul,IND_104,India,72,58,9,4,124.14
INN_5029,M_1015,Hardik Pandya,IND_105,India,39,71,4,2,54.93
INN_5029,M_1015,Ravindra Jadeja,IND_106,India,43,66,5,2,65.15
INN_5029,M_1015,Kuldeep Yadav,IND_107,India,47,27,5,2,174.07
INN_5029,M_1015,Mohammed Shami,IND_108,India,20,17,2,1,117.65
INN_5029,M_1015,Jasprit Bumrah,IND_109,India,11,18,1,0,61.11
INN_5029,M_1015,Mohammed Siraj,IND_110,India,37,39,4,2,94.87
INN_5030,M_1015,Jonny Bairstow,ENG_130,England,106,72,13,6,147.22
INN_5030,M_1015,Dawid Malan,ENG_131,England,74,63,9,4,117.46
INN_5030,M_1015,Joe Root,ENG_132,England,40,29,5,2,137.93
INN_5030,M_1015,Ben Stokes,ENG_133,England,91,69,11,5,131.88
INN_5030,M_1015,Jos Buttler,ENG_134,England,35,59,4,2,59.32
INN_5030,M_1015,Liam Livingstone,ENG_135,England,8,5,1,0,160
INN_5030,M_1015,Moeen Ali,ENG_136,England,67,62,8,4,108.06
INN_5030,M_1015,Chris Woakes,ENG_137,England,73,55,9,4,132.73
INN_5030,M_1015,David Willey,ENG_138,England,49,28,6,3,175
INN_5030,M_1015,Adil Rashid,ENG_139,England,27,32,3,1,84.38
INN_5030,M_1015,Mark Wood,ENG_140,England,13,10,1,0,130
INN_5031,M_1016,Abdullah Shafique,PAK_145,Pakistan,20,17,2,1,117.65
INN_5031,M_1016,Fakhar Zaman,PAK_146,Pakistan,71,56,8,4,126.79
INN_5031,M_1016,Babar Azam,PAK_147,Pakistan,47,46,5,2,102.17
INN_5031,M_1016,Mohammad Rizwan,PAK_148,Pakistan,21,32,2,1,65.62
INN_5031,M_1016,Saud Shakeel,PAK_149,Pakistan,26,30,3,1,86.67
INN_5031,M_1016,Iftikhar Ahmed,PAK_150,Pakistan,47,42,5,2,111.9
INN_5031,M_1016,Shadab Khan,PAK_151,Pakistan,86,69,10,5,124.64
INN_5031,M_1016,Usama Mir,PAK_152,Pakistan,32,34,4,2,94.12
INN_5031,M_1016,Shaheen Afridi,PAK_153,Pakistan,12,12,1,0,100
INN_5031,M_1016,Haris Rauf,PAK_154,Pakistan,93,71,11,5,130.99
INN_5031,M_1016,Hasan Ali,PAK_155,Pakistan,40,53,5,2,75.47
INN_5032,M_1016,Jonny Bairstow,ENG_130,England,12,16,1,0,75
INN_5032,M_1016,Dawid Malan,ENG_131,England,38,42,4,2,90.48
INN_5032,M_1016,Joe Root,ENG_132,England,58,57,7,3,101.75
INN_5032,M_1016,Ben Stokes,ENG_133,England,38,60,4,2,63.33
INN_5032,M_1016,Jos Buttler,ENG_134,England,60,36,7,3,166.67
INN_5032,M_1016,Liam Livingstone,ENG_135,England,49,32,6,3,153.12
INN_5032,M_1016,Moeen Ali,ENG_136,England,106,76,13,6,139.47
INN_5032,M_1016,Chris Woakes,ENG_137,England,45,29,5,2,155.17
INN_5032,M_1016,David Willey,ENG_138,England,30,38,3,1,78.95
INN_5032,M_1016,Adil Rashid,ENG_139,England,34,33,4,2,103.03
INN_5032,M_1016,Mark Wood,ENG_140,England,27,53,3,1,50.94
INN_5033,M_1017,Rohit Sharma,IND_100,India,18,11,2,1,163.64
INN_5033,M_1017,Shubman Gill,IND_101,India,23,16,2,1,143.75
INN_5033,M_1017,Virat Kohli,IND_102,India,7,11,0,0,63.64
INN_5033,M_1017,Shreyas Iyer,IND_103,India,23,37,2,1,62.16
INN_5033,M_1017,KL Rahul,IND_104,India,82,51,10,5,160.78
INN_5033,M_1017,Hardik Pandya,IND_105,India,25,32,3,1,78.12
INN_5033,M_1017,Ravindra Jadeja,IND_106,India,20,40,2,1,50
INN_5033,M_1017,Kuldeep Yadav,IND_107,India,8,12,1,0,66.67
INN_5033,M_1017,Mohammed Shami,IND_108,India,27,27,3,1,100
INN_5033,M_1017,Jasprit Bumrah,IND_109,India,47,38,5,2,123.68
INN_5033,M_1017,Mohammed Siraj,IND_110,India,47,46,5,2,102.17
INN_5034,M_1017,Abdullah Shafique,PAK_145,Pakistan,87,64,10,5,135.94
INN_5034,M_1017,Fakhar Zaman,PAK_146,Pakistan,7,8,0,0,87.5
INN_5034,M_1017,Babar Azam,PAK_147,Pakistan,41,44,5,2,93.18
INN_5034,M_1017,Mohammad Rizwan,PAK_148,Pakistan,16,14,2,1,114.29
INN_5034,M_1017,Saud Shakeel,PAK_149,Pakistan,11,20,1,0,55
INN_5034,M_1017,Iftikhar Ahmed,PAK_150,Pakistan,51,32,6,3,159.38
INN_5034,M_1017,Shadab Khan,PAK_151,Pakistan,7,8,0,0,87.5
INN_5034,M_1017,Usama Mir,PAK_152,Pakistan,70,66,8,4,106.06
INN_5034,M_1017,Shaheen Afridi,PAK_153,Pakistan,87,56,10,5,155.36
INN_5034,M_1017,Haris Rauf,PAK_154,Pakistan,15,28,1,0,53.57
INN_5034,M_1017,Hasan Ali,PAK_155,Pakistan,89,71,11,5,125.35
INN_5035,M_1018,Jonny Bairstow,ENG_130,England,48,63,6,3,76.19
INN_5035,M_1018,Dawid Malan,ENG_131,England,138,80,17,8,172.5
INN_5035,M_1018,Joe Root,ENG_132,England,70,53,8,4,132.08
INN_5035,M_1018,Ben Stokes,ENG_133,England,81,48,10,5,168.75
INN_5035,M_1018,Jos Buttler,ENG_134,England,32,29,4,2,110.34
INN_5035,M_1018,Liam Livingstone,ENG_135,England,5,7,0,0,71.43
INN_5035,M_1018,Moeen Ali,ENG_136,England,71,40,8,4,177.5
INN_5035,M_1018,Chris Woakes,ENG_137,England,40,59,5,2,67.8
INN_5035,M_1018,David Willey,ENG_138,England,71,70,8,4,101.43
INN_5035,M_1018,Adil Rashid,ENG_139,England,52,64,6,3,81.25
INN_5035,M_1018,Mark Wood,ENG_140,England,20,22,2,1,90.91
INN_5036,M_1018,Abdullah Shafique,PAK_145,Pakistan,105,70,13,6,150
INN_5036,M_1018,Fakhar Zaman,PAK_146,Pakistan,27,21,3,1,128.57
INN_5036,M_1018,Babar Azam,PAK_147,Pakistan,76,66,9,4,115.15
INN_5036,M_1018,Mohammad Rizwan,PAK_148,Pakistan,40,28,5,2,142.86
INN_5036,M_1018,Saud Shakeel,PAK_149,Pakistan,21,43,2,1,48.84
INN_5036,M_1018,Iftikhar Ahmed,PAK_150,Pakistan,22,18,2,1,122.22
INN_5036,M_1018,Shadab Khan,PAK_151,Pakistan,10,9,1,0,111.11
INN_5036,M_1018,Usama Mir,PAK_152,Pakistan,41,38,5,2,107.89
INN_5036,M_1018,Shaheen Afridi,PAK_153,Pakistan,48,64,6,3,75
INN_5036,M_1018,Haris Rauf,PAK_154,Pakistan,20,37,2,1,54.05
INN_5036,M_1018,Hasan Ali,PAK_155,Pakistan,29,40,3,1,72.5
INN_5037,M_1019,Jonny Bairstow,ENG_130,England,90,69,11,5,130.43
INN_5037,M_1019,Dawid Malan,ENG_131,England,34,52,4,2,65.38
INN_5037,M_1019,Joe Root,ENG_132,England,78,44,9,4,177.27
INN_5037,M_1019,Ben Stokes,ENG_133,England,59,38,7,3,155.26
INN_5037,M_1019,Jos Buttler,ENG_134,England,40,31,5,2,129.03
INN_5037,M_1019,Liam Livingstone,ENG_135,England,41,46,5,2,89.13
INN_5037,M_1019,Moeen Ali,ENG_136,England,77,54,9,4,142.59
INN_5037,M_1019,Chris Woakes,ENG_137,England,41,39,5,2,105.13
INN_5037,M_1019,David Willey,ENG_138,England,108,65,13,6,166.15
INN_5037,M_1019,Adil Rashid,ENG_139,England,7,8,0,0,87.5
INN_5037,M_1019,Mark Wood,ENG_140,England,18,35,2,1,51.43
INN_5038,M_1019,Abdullah Shafique,PAK_145,Pakistan,23,34,2,1,67.65
INN_5038,M_1019,Fakhar Zaman,PAK_146,Pakistan,11,11,1,0,100
INN_5038,M_1019,Babar Azam,PAK_147,Pakistan,6,8,0,0,75
INN_5038,M_1019,Mohammad Rizwan,PAK_148,Pakistan,62,80,7,3,77.5
INN_5038,M_1019,Saud Shakeel,PAK_149,Pakistan,8,9,1,0,88.89
INN_5038,M_1019,Iftikhar Ahmed,PAK_150,Pakistan,36,47,4,2,76.6
INN_5038,M_1019,Shadab Khan,PAK_151,Pakistan,36,57,4,2,63.16
INN_5038,M_1019,Usama Mir,PAK_152,Pakistan,94,59,11,5,159.32
INN_5038,M_1019,Shaheen Afridi,PAK_153,Pakistan,14,10,1,0,140
INN_5038,M_1019,Haris Rauf,PAK_154,Pakistan,38,57,4,2,66.67
INN_5038,M_1019,Hasan Ali,PAK_155,Pakistan,9,13,1,0,69.23
INN_5039,M_1020,Rohit Sharma,IND_100,India,48,42,6,3,114.29
INN_5039,M_1020,Shubman Gill,IND_101,India,99,78,12,6,126.92
INN_5039,M_1020,Virat Kohli,IND_102,India,38,43,4,2,88.37
INN_5039,M_1020,Shreyas Iyer,IND_103,India,53,43,6,3,123.26
INN_5039,M_1020,KL Rahul,IND_104,India,101,76,12,6,132.89
INN_5039,M_1020,Hardik Pandya,IND_105,India,112,77,14,7,145.45
INN_5039,M_1020,Ravindra Jadeja,IND_106,India,59,71,7,3,83.1
INN_5039,M_1020,Kuldeep Yadav,IND_107,India,11,10,1,0,110
INN_5039,M_1020,Mohammed Shami,IND_108,India,32,41,4,2,78.05
INN_5039,M_1020,Jasprit Bumrah,IND_109,India,63,42,7,3,150
INN_5039,M_1020,Mohammed Siraj,IND_110,India,12,12,1,0,100
INN_5040,M_1020,David Warner,AUS_115,Australia,94,80,11,5,117.5
INN_5040,M_1020,Travis Head,AUS_116,Australia,32,58,4,2,55.17
INN_5040,M_1020,Mitchell Marsh,AUS_117,Australia,18,13,2,1,138.46
INN_5040,M_1020,Steve Smith,AUS_118,Australia,103,79,12,6,130.38
INN_5040,M_1020,Marnus Labuschagne,AUS_119,Australia,10,11,1,0,90.91
INN_5040,M_1020,Glenn Maxwell,AUS_120,Australia,81,51,10,5,158.82
INN_5040,M_1020,Josh Inglis,AUS_121,Australia,32,34,4,2,94.12
INN_5040,M_1020,Pat Cummins,AUS_122,Australia,34,25,4,2,136
INN_5040,M_1020,Mitchell Starc,AUS_123,Australia,10,13,1,0,76.92
INN_5040,M_1020,Adam Zampa,AUS_124,Australia,30,54,3,1,55.56
INN_5040,M_1020,Josh Hazlewood,AUS_125,Australia,43,44,5,2,97.73
INN_5041,M_1021,David Warner,AUS_115,Australia,55,73,6,3,75.34
INN_5041,M_1021,Travis Head,AUS_116,Australia,49,31,6,3,158.06
INN_5041,M_1021,Mitchell Marsh,AUS_117,Australia,48,71,6,3,67.61
INN_5041,M_1021,Steve Smith,AUS_118,Australia,110,66,13,6,166.67
INN_5041,M_1021,Marnus Labuschagne,AUS_119,Australia,31,30,3,1,103.33
INN_5041,M_1021,Glenn Maxwell,AUS_120,Australia,85,80,10,5,106.25
INN_5041,M_1021,Josh Inglis,AUS_121,Australia,49,48,6,3,102.08
INN_5041,M_1021,Pat Cummins,AUS_122,Australia,4,5,0,0,80
INN_5041,M_1021,Mitchell Starc,AUS_123,Australia,34,55,4,2,61.82
INN_5041,M_1021,Adam Zampa,AUS_124,Australia,58,42,7,3,138.1
INN_5041,M_1021,Josh Hazlewood,AUS_125,Australia,12,13,1,0,92.31
INN_5042,M_1021,Rohit Sharma,IND_100,India,23,40,2,1,57.5
INN_5042,M_1021,Shubman Gill,IND_101,India,26,20,3,1,130
INN_5042,M_1021,Virat Kohli,IND_102,India,94,73,11,5,128.77
INN_5042,M_1021,Shreyas Iyer,IND_103,India,12,8,1,0,150
INN_5042,M_1021,KL Rahul,IND_104,India,28,37,3,1,75.68
INN_5042,M_1021,Hardik Pandya,IND_105,India,49,29,6,3,168.97
INN_5042,M_1021,Ravindra Jadeja,IND_106,India,46,29,5,2,158.62
INN_5042,M_1021,Kuldeep Yadav,IND_107,India,42,41,5,2,102.44
INN_5042,M_1021,Mohammed Shami,IND_108,India,42,49,5,2,85.71
INN_5042,M_1021,Jasprit Bumrah,IND_109,India,67,80,8,4,83.75
INN_5042,M_1021,Mohammed Siraj,IND_110,India,50,51,6,3,98.04
INN_5043,M_1022,David Warner,AUS_115,Australia,86,70,10,5,122.86
INN_5043,M_1022,Travis Head,AUS_116,Australia,83,75,10,5,110.67
INN_5043,M_1022,Mitchell Marsh,AUS_117,Australia,24,29,3,1,82.76
INN_5043,M_1022,Steve Smith,AUS_118,Australia,74,52,9,4,142.31
INN_5043,M_1022,Marnus Labuschagne,AUS_119,Australia,73,53,9,4,137.74
INN_5043,M_1022,Glenn Maxwell,AUS_120,Australia,7,12,0,0,58.33
INN_5043,M_1022,Josh Inglis,AUS_121,Australia,39,52,4,2,75
INN_5043,M_1022,Pat Cummins,AUS_122,Australia,90,62,11,5,145.16
INN_5043,M_1022,Mitchell Starc,AUS_123,Australia,35,46,4,2,76.09
INN_5043,M_1022,Adam Zampa,AUS_124,Australia,85,51,10,5,166.67
INN_5043,M_1022,Josh Hazlewood,AUS_125,Australia,75,69,9,4,108.7
INN_5044,M_1022,Jonny Bairstow,ENG_130,England,91,57,11,5,159.65
INN_5044,M_1022,Dawid Malan,ENG_131,England,14,15,1,0,93.33
INN_5044,M_1022,Joe Root,ENG_132,England,27,46,3,1,58.7
INN_5044,M_1022,Ben Stokes,ENG_133,England,19,35,2,1,54.29
INN_5044,M_1022,Jos Buttler,ENG_134,England,14,23,1,0,60.87
INN_5044,M_1022,Liam Livingstone,ENG_135,England,32,18,4,2,177.78
INN_5044,M_1022,Moeen Ali,ENG_136,England,27,26,3,1,103.85
INN_5044,M_1022,Chris Woakes,ENG_137,England,7,5,0,0,140
INN_5044,M_1022,David Willey,ENG_138,England,72,58,9,4,124.14
INN_5044,M_1022,Adil Rashid,ENG_139,England,29,23,3,1,126.09
INN_5044,M_1022,Mark Wood,ENG_140,England,51,80,6,3,63.75
INN_5045,M_1023,Jonny Bairstow,ENG_130,England,29,21,3,1,138.1
INN_5045,M_1023,Dawid Malan,ENG_131,England,28,25,3,1,112
INN_5045,M_1023,Joe Root,ENG_132,England,70,54,8,4,129.63
INN_5045,M_1023,Ben Stokes,ENG_133,England,6,7,0,0,85.71
INN_5045,M_1023,Jos Buttler,ENG_134,England,108,71,13,6,152.11
INN_5045,M_1023,Liam Livingstone,ENG_135,England,57,39,7,3,146.15
INN_5045,M_1023,Moeen Ali,ENG_136,England,71,42,8,4,169.05
INN_5045,M_1023,Chris Woakes,ENG_137,England,33,27,4,2,122.22
INN_5045,M_1023,David Willey,ENG_138,England,46,39,5,2,117.95
INN_5045,M_1023,Adil Rashid,ENG_139,England,80,52,10,5,153.85
INN_5045,M_1023,Mark Wood,ENG_140,England,9,9,1,0,100
INN_5046,M_1023,Abdullah Shafique,PAK_145,Pakistan,93,61,11,5,152.46
INN_5046,M_1023,Fakhar Zaman,PAK_146,Pakistan,18,21,2,1,85.71
INN_5046,M_1023,Babar Azam,PAK_147,Pakistan,48,47,6,3,102.13
INN_5046,M_1023,Mohammad Rizwan,PAK_148,Pakistan,82,61,10,5,134.43
INN_5046,M_1023,Saud Shakeel,PAK_149,Pakistan,125,72,15,7,173.61
INN_5046,M_1023,Iftikhar Ahmed,PAK_150,Pakistan,63,71,7,3,88.73
INN_5046,M_1023,Shadab Khan,PAK_151,Pakistan,18,18,2,1,100
INN_5046,M_1023,Usama Mir,PAK_152,Pakistan,83,74,10,5,112.16
INN_5046,M_1023,Shaheen Afridi,PAK_153,Pakistan,18,19,2,1,94.74
INN_5046,M_1023,Haris Rauf,PAK_154,Pakistan,13,9,1,0,144.44
INN_5046,M_1023,Hasan Ali,PAK_155,Pakistan,12,17,1,0,70.59
INN_5047,M_1024,Rohit Sharma,IND_100,India,100,71,12,6,140.85
INN_5047,M_1024,Shubman Gill,IND_101,India,13,11,1,0,118.18
INN_5047,M_1024,Virat Kohli,IND_102,India,23,23,2,1,100
INN_5047,M_1024,Shreyas Iyer,IND_103,India,52,29,6,3,179.31
INN_5047,M_1024,KL Rahul,IND_104,India,73,59,9,4,123.73
INN_5047,M_1024,Hardik Pandya,IND_105,India,54,34,6,3,158.82
INN_5047,M_1024,Ravindra Jadeja,IND_106,India,20,22,2,1,90.91
INN_5047,M_1024,Kuldeep Yadav,IND_107,India,41,26,5,2,157.69
INN_5047,M_1024,Mohammed Shami,IND_108,India,27,46,3,1,58.7
INN_5047,M_1024,Jasprit Bumrah,IND_109,India,62,47,7,3,131.91
INN_5047,M_1024,Mohammed Siraj,IND_110,India,5,7,0,0,71.43
INN_5048,M_1024,Abdullah Shafique,PAK_145,Pakistan,73,43,9,4,169.77
INN_5048,M_1024,Fakhar Zaman,PAK_146,Pakistan,37,36,4,2,102.78
INN_5048,M_1024,Babar Azam,PAK_147,Pakistan,12,15,1,0,80
INN_5048,M_1024,Mohammad Rizwan,PAK_148,Pakistan,10,11,1,0,90.91
INN_5048,M_1024,Saud Shakeel,PAK_149,Pakistan,29,22,3,1,131.82
INN_5048,M_1024,Iftikhar Ahmed,PAK_150,Pakistan,45,59,5,2,76.27
INN_5048,M_1024,Shadab Khan,PAK_151,Pakistan,9,9,1,0,100
INN_5048,M_1024,Usama Mir,PAK_152,Pakistan,22,30,2,1,73.33
INN_5048,M_1024,Shaheen Afridi,PAK_153,Pakistan,14,9,1,0,155.56
INN_5048,M_1024,Haris Rauf,PAK_154,Pakistan,78,63,9,4,123.81
INN_5049,M_1025,Jonny Bairstow,ENG_130,England,76,70,9,4,108.57
INN_5049,M_1025,Dawid Malan,ENG_131,England,47,34,5,2,138.24
INN_5049,M_1025,Joe Root,ENG_132,England,6,9,0,0,66.67
INN_5049,M_1025,Ben Stokes,ENG_133,England,80,76,10,5,105.26
INN_5049,M_1025,Jos Buttler,ENG_134,England,18,23,2,1,78.26
INN_5049,M_1025,Liam Livingstone,ENG_135,England,91,54,11,5,168.52
INN_5049,M_1025,Moeen Ali,ENG_136,England,118,76,14,7,155.26
INN_5049,M_1025,Chris Woakes,ENG_137,England,17,14,2,1,121.43
INN_5049,M_1025,David Willey,ENG_138,England,39,39,4,2,100
INN_5049,M_1025,Adil Rashid,ENG_139,England,45,66,5,2,68.18
INN_5050,M_1025,Abdullah Shafique,PAK_145,Pakistan,8,8,1,0,100
INN_5050,M_1025,Fakhar Zaman,PAK_146,Pakistan,48,73,6,3,65.75
INN_5050,M_1025,Babar Azam,PAK_147,Pakistan,35,63,4,2,55.56
INN_5050,M_1025,Mohammad Rizwan,PAK_148,Pakistan,24,22,3,1,109.09
INN_5050,M_1025,Saud Shakeel,PAK_149,Pakistan,103,73,12,6,141.1
INN_5050,M_1025,Iftikhar Ahmed,PAK_150,Pakistan,27,33,3,1,81.82
INN_5050,M_1025,Shadab Khan,PAK_151,Pakistan,58,73,7,3,79.45
INN_5050,M_1025,Usama Mir,PAK_152,Pakistan,12,8,1,0,150
INN_5050,M_1025,Shaheen Afridi,PAK_153,Pakistan,39,29,4,2,134.48
INN_5050,M_1025,Haris Rauf,PAK_154,Pakistan,10,7,1,0,142.86
INN_5050,M_1025,Hasan Ali,PAK_155,Pakistan,46,43,5,2,106.98
INN_5051,M_1026,Jonny Bairstow,ENG_130,England,11,19,1,0,57.89
INN_5051,M_1026,Dawid Malan,ENG_131,England,74,76,9,4,97.37
INN_5051,M_1026,Joe Root,ENG_132,England,45,27,5,2,166.67
INN_5051,M_1026,Ben Stokes,ENG_133,England,115,71,14,7,161.97
INN_5051,M_1026,Jos Buttler,ENG_134,England,34,44,4,2,77.27
INN_5051,M_1026,Liam Livingstone,ENG_135,England,10,12,1,0,83.33
INN_5051,M_1026,Moeen Ali,ENG_136,England,11,14,1,0,78.57
INN_5051,M_1026,Chris Woakes,ENG_137,England,41,28,5,2,146.43
INN_5051,M_1026,David Willey,ENG_138,England,46,36,5,2,127.78
INN_5051,M_1026,Adil Rashid,ENG_139,England,23,34,2,1,67.65
INN_5051,M_1026,Mark Wood,ENG_140,England,29,19,3,1,152.63
INN_5052,M_1026,Rohit Sharma,IND_100,India,105,79,13,6,132.91
INN_5052,M_1026,Shubman Gill,IND_101,India,46,44,5,2,104.55
INN_5052,M_1026,Virat Kohli,IND_102,India,47,57,5,2,82.46
INN_5052,M_1026,Shreyas Iyer,IND_103,India,39,38,4,2,102.63
INN_5052,M_1026,KL Rahul,IND_104,India,12,10,1,0,120
INN_5052,M_1026,Hardik Pandya,IND_105,India,27,18,3,1,150
INN_5052,M_1026,Ravindra Jadeja,IND_106,India,80,54,10,5,148.15
INN_5052,M_1026,Kuldeep Yadav,IND_107,India,4,6,0,0,66.67
INN_5052,M_1026,Mohammed Shami,IND_108,India,39,24,4,2,162.5
INN_5052,M_1026,Jasprit Bumrah,IND_109,India,13,12,1,0,108.33
INN_5052,M_1026,Mohammed Siraj,IND_110,India,37,59,4,2,62.71
INN_5053,M_1027,Rohit Sharma,IND_100,India,95,73,11,5,130.14
INN_5053,M_1027,Shubman Gill,IND_101,India,59,39,7,3,151.28
INN_5053,M_1027,Virat Kohli,IND_102,India,24,45,3,1,53.33
INN_5053,M_1027,Shreyas Iyer,IND_103,India,67,56,8,4,119.64
INN_5053,M_1027,KL Rahul,IND_104,India,36,25,4,2,144
INN_5053,M_1027,Hardik Pandya,IND_105,India,82,62,10,5,132.26
INN_5053,M_1027,Ravindra Jadeja,IND_106,India,116,79,14,7,146.84
INN_5053,M_1027,Kuldeep Yadav,IND_107,India,20,24,2,1,83.33
INN_5053,M_1027,Mohammed Shami,IND_108,India,21,18,2,1,116.67
INN_5053,M_1027,Jasprit Bumrah,IND_109,India,12,21,1,0,57.14
INN_5053,M_1027,Mohammed Siraj,IND_110,India,19,12,2,1,158.33
INN_5054,M_1027,David Warner,AUS_115,Australia,15,29,1,0,51.72
INN_5054,M_1027,Travis Head,AUS_116,Australia,77,48,9,4,160.42
INN_5054,M_1027,Mitchell Marsh,AUS_117,Australia,53,79,6,3,67.09
INN_5054,M_1027,Steve Smith,AUS_118,Australia,35,28,4,2,125
INN_5054,M_1027,Marnus Labuschagne,AUS_119,Australia,64,44,8,4,145.45
INN_5054,M_1027,Glenn Maxwell,AUS_120,Australia,48,72,6,3,66.67
INN_5054,M_1027,Josh Inglis,AUS_121,Australia,14,21,1,0,66.67
INN_5054,M_1027,Pat Cummins,AUS_122,Australia,19,15,2,1,126.67
INN_5054,M_1027,Mitchell Starc,AUS_123,Australia,25,50,3,1,50
INN_5054,M_1027,Adam Zampa,AUS_124,Australia,13,24,1,0,54.17
INN_5054,M_1027,Josh Hazlewood,AUS_125,Australia,7,8,0,0,87.5
INN_5055,M_1028,Abdullah Shafique,PAK_145,Pakistan,84,68,10,5,123.53
INN_5055,M_1028,Fakhar Zaman,PAK_146,Pakistan,79,45,9,4,175.56
INN_5055,M_1028,Babar Azam,PAK_147,Pakistan,4,7,0,0,57.14
INN_5055,M_1028,Mohammad Rizwan,PAK_148,Pakistan,93,65,11,5,143.08
INN_5055,M_1028,Saud Shakeel,PAK_149,Pakistan,16,24,2,1,66.67
INN_5055,M_1028,Iftikhar Ahmed,PAK_150,Pakistan,23,15,2,1,153.33
INN_5055,M_1028,Shadab Khan,PAK_151,Pakistan,103,59,12,6,174.58
INN_5055,M_1028,Usama Mir,PAK_152,Pakistan,53,78,6,3,67.95
INN_5055,M_1028,Shaheen Afridi,PAK_153,Pakistan,50,66,6,3,75.76
INN_5055,M_1028,Haris Rauf,PAK_154,Pakistan,9,14,1,0,64.29
INN_5055,M_1028,Hasan Ali,PAK_155,Pakistan,7,5,0,0,140
INN_5056,M_1028,David Warner,AUS_115,Australia,42,61,5,2,68.85
INN_5056,M_1028,Travis Head,AUS_116,Australia,6,12,0,0,50
INN_5056,M_1028,Mitchell Marsh,AUS_117,Australia,27,23,3,1,117.39
INN_5056,M_1028,Steve Smith,AUS_118,Australia,66,61,8,4,108.2
INN_5056,M_1028,Marnus Labuschagne,AUS_119,Australia,52,76,6,3,68.42
INN_5056,M_1028,Glenn Maxwell,AUS_120,Australia,105,59,13,6,177.97
INN_5056,M_1028,Josh Inglis,AUS_121,Australia,41,39,5,2,105.13
INN_5056,M_1028,Pat Cummins,AUS_122,Australia,52,54,6,3,96.3
INN_5056,M_1028,Mitchell Starc,AUS_123,Australia,53,57,6,3,92.98
INN_5056,M_1028,Adam Zampa,AUS_124,Australia,45,48,5,2,93.75
INN_5057,M_1029,Rohit Sharma,IND_100,India,11,12,1,0,91.67
INN_5057,M_1029,Shubman Gill,IND_101,India,34,40,4,2,85
INN_5057,M_1029,Virat Kohli,IND_102,India,70,55,8,4,127.27
INN_5057,M_1029,Shreyas Iyer,IND_103,India,17,25,2,1,68
INN_5057,M_1029,KL Rahul,IND_104,India,96,71,12,6,135.21
INN_5057,M_1029,Hardik Pandya,IND_105,India,92,71,11,5,129.58
INN_5057,M_1029,Ravindra Jadeja,IND_106,India,76,59,9,4,128.81
INN_5057,M_1029,Kuldeep Yadav,IND_107,India,85,49,10,5,173.47
INN_5057,M_1029,Mohammed Shami,IND_108,India,32,22,4,2,145.45
INN_5057,M_1029,Jasprit Bumrah,IND_109,India,57,57,7,3,100
INN_5057,M_1029,Mohammed Siraj,IND_110,India,26,30,3,1,86.67
INN_5058,M_1029,David Warner,AUS_115,Australia,23,15,2,1,153.33
INN_5058,M_1029,Travis Head,AUS_116,Australia,4,6,0,0,66.67
INN_5058,M_1029,Mitchell Marsh,AUS_117,Australia,55,61,6,3,90.16
INN_5058,M_1029,Steve Smith,AUS_118,Australia,42,52,5,2,80.77
INN_5058,M_1029,Marnus Labuschagne,AUS_119,Australia,84,74,10,5,113.51
INN_5058,M_1029,Glenn Maxwell,AUS_120,Australia,14,12,1,0,116.67
INN_5058,M_1029,Josh Inglis,AUS_121,Australia,23,18,2,1,127.78
INN_5058,M_1029,Pat Cummins,AUS_122,Australia,60,74,7,3,81.08
INN_5058,M_1029,Mitchell Starc,AUS_123,Australia,60,60,7,3,100
INN_5058,M_1029,Adam Zampa,AUS_124,Australia,51,46,6,3,110.87
INN_5058,M_1029,Josh Hazlewood,AUS_125,Australia,24,24,3,1,100
INN_5059,M_1030,David Warner,AUS_115,Australia,14,13,1,0,107.69
INN_5059,M_1030,Travis Head,AUS_116,Australia,26,29,3,1,89.66
INN_5059,M_1030,Mitchell Marsh,AUS_117,Australia,48,32,6,3,150
INN_5059,M_1030,Steve Smith,AUS_118,Australia,60,44,7,3,136.36
INN_5059,M_1030,Marnus Labuschagne,AUS_119,Australia,46,28,5,2,164.29
INN_5059,M_1030,Glenn Maxwell,AUS_120,Australia,36,57,4,2,63.16
INN_5059,M_1030,Josh Inglis,AUS_121,Australia,72,56,9,4,128.57
INN_5059,M_1030,Pat Cummins,AUS_122,Australia,62,50,7,3,124
INN_5059,M_1030,Mitchell Starc,AUS_123,Australia,68,52,8,4,130.77
INN_5059,M_1030,Adam Zampa,AUS_124,Australia,97,72,12,6,134.72
INN_5059,M_1030,Josh Hazlewood,AUS_125,Australia,66,52,8,4,126.92
INN_5060,M_1030,Rohit Sharma,IND_100,India,8,6,1,0,133.33
INN_5060,M_1030,Shubman Gill,IND_101,India,52,37,6,3,140.54
INN_5060,M_1030,Virat Kohli,IND_102,India,8,8,1,0,100
INN_5060,M_1030,Shreyas Iyer,IND_103,India,118,71,14,7,166.2
INN_5060,M_1030,KL Rahul,IND_104,India,92,64,11,5,143.75
INN_5060,M_1030,Hardik Pandya,IND_105,India,57,44,7,3,129.55
INN_5060,M_1030,Ravindra Jadeja,IND_106,India,47,28,5,2,167.86
INN_5060,M_1030,Kuldeep Yadav,IND_107,India,67,52,8,4,128.85
INN_5060,M_1030,Mohammed Shami,IND_108,India,19,31,2,1,61.29
INN_5060,M_1030,Jasprit Bumrah,IND_109,India,135,80,16,8,168.75
INN_5060,M_1030,Mohammed Siraj,IND_110,India,36,30,4,2,120
INN_5061,M_1031,David Warner,AUS_115,Australia,59,55,7,3,107.27
INN_5061,M_1031,Travis Head,AUS_116,Australia,52,34,6,3,152.94
INN_5061,M_1031,Mitchell Marsh,AUS_117,Australia,3,6,0,0,50
INN_5061,M_1031,Steve Smith,AUS_118,Australia,27,39,3,1,69.23
INN_5061,M_1031,Marnus Labuschagne,AUS_119,Australia,74,42,9,4,176.19
INN_5061,M_1031,Glenn Maxwell,AUS_120,Australia,67,75,8,4,89.33
INN_5061,M_1031,Josh Inglis,AUS_121,Australia,8,9,1,0,88.89
INN_5061,M_1031,Pat Cummins,AUS_122,Australia,50,61,6,3,81.97
INN_5061,M_1031,Mitchell Starc,AUS_123,Australia,64,42,8,4,152.38
INN_5061,M_1031,Adam Zampa,AUS_124,Australia,100,66,12,6,151.52
INN_5061,M_1031,Josh Hazlewood,AUS_125,Australia,86,70,10,5,122.86
INN_5062,M_1031,Abdullah Shafique,PAK_145,Pakistan,90,53,11,5,169.81
INN_5062,M_1031,Fakhar Zaman,PAK_146,Pakistan,90,73,11,5,123.29
INN_5062,M_1031,Babar Azam,PAK_147,Pakistan,3,6,0,0,50
INN_5062,M_1031,Mohammad Rizwan,PAK_148,Pakistan,61,44,7,3,138.64
INN_5062,M_1031,Saud Shakeel,PAK_149,Pakistan,55,45,6,3,122.22
INN_5062,M_1031,Iftikhar Ahmed,PAK_150,Pakistan,38,39,4,2,97.44
INN_5062,M_1031,Shadab Khan,PAK_151,Pakistan,35,35,4,2,100
INN_5062,M_1031,Usama Mir,PAK_152,Pakistan,52,37,6,3,140.54
INN_5062,M_1031,Shaheen Afridi,PAK_153,Pakistan,29,36,3,1,80.56
INN_5062,M_1031,Haris Rauf,PAK_154,Pakistan,6,10,0,0,60
INN_5062,M_1031,Hasan Ali,PAK_155,Pakistan,11,22,1,0,50
INN_5063,M_1032,David Warner,AUS_115,Australia,15,15,1,0,100
INN_5063,M_1032,Travis Head,AUS_116,Australia,39,42,4,2,92.86
INN_5063,M_1032,Mitchell Marsh,AUS_117,Australia,9,8,1,0,112.5
INN_5063,M_1032,Steve Smith,AUS_118,Australia,51,35,6,3,145.71
INN_5063,M_1032,Marnus Labuschagne,AUS_119,Australia,25,24,3,1,104.17
INN_5063,M_1032,Glenn Maxwell,AUS_120,Australia,113,69,14,7,163.77
INN_5063,M_1032,Josh Inglis,AUS_121,Australia,60,35,7,3,171.43
INN_5063,M_1032,Pat Cummins,AUS_122,Australia,31,21,3,1,147.62
INN_5063,M_1032,Mitchell Starc,AUS_123,Australia,78,73,9,4,106.85
INN_5063,M_1032,Adam Zampa,AUS_124,Australia,40,37,5,2,108.11
INN_5063,M_1032,Josh Hazlewood,AUS_125,Australia,59,36,7,3,163.89
INN_5064,M_1032,Jonny Bairstow,ENG_130,England,80,50,10,5,160
INN_5064,M_1032,Dawid Malan,ENG_131,England,49,50,6,3,98
INN_5064,M_1032,Joe Root,ENG_132,England,68,55,8,4,123.64
INN_5064,M_1032,Ben Stokes,ENG_133,England,48,29,6,3,165.52
INN_5064,M_1032,Jos Buttler,ENG_134,England,36,33,4,2,109.09
INN_5064,M_1032,Liam Livingstone,ENG_135,England,22,34,2,1,64.71
INN_5064,M_1032,Moeen Ali,ENG_136,England,30,31,3,1,96.77
INN_5064,M_1032,Chris Woakes,ENG_137,England,65,42,8,4,154.76
INN_5064,M_1032,David Willey,ENG_138,England,64,37,8,4,172.97
INN_5064,M_1032,Adil Rashid,ENG_139,England,91,63,11,5,144.44
INN_5064,M_1032,Mark Wood,ENG_140,England,43,58,5,2,74.14
INN_5065,M_1033,David Warner,AUS_115,Australia,46,61,5,2,75.41
INN_5065,M_1033,Travis Head,AUS_116,Australia,80,61,10,5,131.15
INN_5065,M_1033,Mitchell Marsh,AUS_117,Australia,72,41,9,4,175.61
INN_5065,M_1033,Steve Smith,AUS_118,Australia,42,43,5,2,97.67
INN_5065,M_1033,Marnus Labuschagne,AUS_119,Australia,69,42,8,4,164.29
INN_5065,M_1033,Glenn Maxwell,AUS_120,Australia,62,35,7,3,177.14
INN_5065,M_1033,Josh Inglis,AUS_121,Australia,88,79,11,5,111.39
INN_5065,M_1033,Pat Cummins,AUS_122,Australia,27,23,3,1,117.39
INN_5065,M_1033,Mitchell Starc,AUS_123,Australia,38,22,4,2,172.73
INN_5065,M_1033,Adam Zampa,AUS_124,Australia,30,46,3,1,65.22
INN_5065,M_1033,Josh Hazlewood,AUS_125,Australia,47,43,5,2,109.3
INN_5066,M_1033,Abdullah Shafique,PAK_145,Pakistan,90,68,11,5,132.35
INN_5066,M_1033,Fakhar Zaman,PAK_146,Pakistan,97,76,12,6,127.63
INN_5066,M_1033,Babar Azam,PAK_147,Pakistan,11,13,1,0,84.62
INN_5066,M_1033,Mohammad Rizwan,PAK_148,Pakistan,28,55,3,1,50.91
INN_5066,M_1033,Saud Shakeel,PAK_149,Pakistan,86,49,10,5,175.51
INN_5066,M_1033,Iftikhar Ahmed,PAK_150,Pakistan,16,9,2,1,177.78
INN_5066,M_1033,Shadab Khan,PAK_151,Pakistan,10,8,1,0,125
INN_5066,M_1033,Usama Mir,PAK_152,Pakistan,69,62,8,4,111.29
INN_5066,M_1033,Shaheen Afridi,PAK_153,Pakistan,64,79,8,4,81.01
INN_5066,M_1033,Haris Rauf,PAK_154,Pakistan,17,16,2,1,106.25
INN_5066,M_1033,Hasan Ali,PAK_155,Pakistan,67,40,8,4,167.5
INN_5067,M_1034,Abdullah Shafique,PAK_145,Pakistan,65,56,8,4,116.07
INN_5067,M_1034,Fakhar Zaman,PAK_146,Pakistan,108,79,13,6,136.71
INN_5067,M_1034,Babar Azam,PAK_147,Pakistan,55,39,6,3,141.03
INN_5067,M_1034,Mohammad Rizwan,PAK_148,Pakistan,5,7,0,0,71.43
INN_5067,M_1034,Saud Shakeel,PAK_149,Pakistan,64,44,8,4,145.45
INN_5067,M_1034,Iftikhar Ahmed,PAK_150,Pakistan,54,47,6,3,114.89
INN_5067,M_1034,Shadab Khan,PAK_151,Pakistan,60,45,7,3,133.33
INN_5067,M_1034,Usama Mir,PAK_152,Pakistan,71,79,8,4,89.87
INN_5067,M_1034,Shaheen Afridi,PAK_153,Pakistan,11,10,1,0,110
INN_5067,M_1034,Haris Rauf,PAK_154,Pakistan,58,61,7,3,95.08
INN_5067,M_1034,Hasan Ali,PAK_155,Pakistan,62,64,7,3,96.88
INN_5068,M_1034,Jonny Bairstow,ENG_130,England,17,14,2,1,121.43
INN_5068,M_1034,Dawid Malan,ENG_131,England,28,17,3,1,164.71
INN_5068,M_1034,Joe Root,ENG_132,England,44,40,5,2,110
INN_5068,M_1034,Ben Stokes,ENG_133,England,41,29,5,2,141.38
INN_5068,M_1034,Jos Buttler,ENG_134,England,13,17,1,0,76.47
INN_5068,M_1034,Liam Livingstone,ENG_135,England,14,21,1,0,66.67
INN_5068,M_1034,Moeen Ali,ENG_136,England,37,54,4,2,68.52
INN_5068,M_1034,Chris Woakes,ENG_137,England,46,57,5,2,80.7
INN_5068,M_1034,David Willey,ENG_138,England,54,47,6,3,114.89
INN_5068,M_1034,Adil Rashid,ENG_139,England,9,11,1,0,81.82
INN_5068,M_1034,Mark Wood,ENG_140,England,38,51,4,2,74.51
INN_5069,M_1035,Jonny Bairstow,ENG_130,England,73,67,9,4,108.96
INN_5069,M_1035,Dawid Malan,ENG_131,England,23,15,2,1,153.33
INN_5069,M_1035,Joe Root,ENG_132,England,119,76,14,7,156.58
INN_5069,M_1035,Ben Stokes,ENG_133,England,15,18,1,0,83.33
INN_5069,M_1035,Jos Buttler,ENG_134,England,9,17,1,0,52.94
INN_5069,M_1035,Liam Livingstone,ENG_135,England,106,73,13,6,145.21
INN_5069,M_1035,Moeen Ali,ENG_136,England,27,21,3,1,128.57
INN_5069,M_1035,Chris Woakes,ENG_137,England,31,51,3,1,60.78
INN_5069,M_1035,David Willey,ENG_138,England,6,10,0,0,60
INN_5069,M_1035,Adil Rashid,ENG_139,England,15,21,1,0,71.43
INN_5069,M_1035,Mark Wood,ENG_140,England,81,47,10,5,172.34
INN_5070,M_1035,Rohit Sharma,IND_100,India,61,38,7,3,160.53
INN_5070,M_1035,Shubman Gill,IND_101,India,85,55,10,5,154.55
INN_5070,M_1035,Virat Kohli,IND_102,India,41,28,5,2,146.43
INN_5070,M_1035,Shreyas Iyer,IND_103,India,66,59,8,4,111.86
INN_5070,M_1035,KL Rahul,IND_104,India,27,20,3,1,135
INN_5070,M_1035,Hardik Pandya,IND_105,India,112,64,14,7,175
INN_5070,M_1035,Ravindra Jadeja,IND_106,India,35,38,4,2,92.11
INN_5070,M_1035,Kuldeep Yadav,IND_107,India,56,64,7,3,87.5
INN_5070,M_1035,Mohammed Shami,IND_108,India,36,37,4,2,97.3
INN_5070,M_1035,Jasprit Bumrah,IND_109,India,31,34,3,1,91.18
INN_5070,M_1035,Mohammed Siraj,IND_110,India,71,67,8,4,105.97
INN_5071,M_1036,David Warner,AUS_115,Australia,28,31,3,1,90.32
INN_5071,M_1036,Travis Head,AUS_116,Australia,17,29,2,1,58.62
INN_5071,M_1036,Mitchell Marsh,AUS_117,Australia,20,37,2,1,54.05
INN_5071,M_1036,Steve Smith,AUS_118,Australia,7,6,0,0,116.67
INN_5071,M_1036,Marnus Labuschagne,AUS_119,Australia,36,26,4,2,138.46
INN_5071,M_1036,Glenn Maxwell,AUS_120,Australia,3,5,0,0,60
INN_5071,M_1036,Josh Inglis,AUS_121,Australia,6,13,0,0,46.15
INN_5071,M_1036,Pat Cummins,AUS_122,Australia,25,51,3,1,49.02
INN_5071,M_1036,Mitchell Starc,AUS_123,Australia,17,13,2,1,130.77
INN_5071,M_1036,Adam Zampa,AUS_124,Australia,25,44,3,1,56.82
INN_5071,M_1036,Josh Hazlewood,AUS_125,Australia,39,50,4,2,78
INN_5072,M_1036,Jonny Bairstow,ENG_130,England,103,71,12,6,145.07
INN_5072,M_1036,Dawid Malan,ENG_131,England,17,11,2,1,154.55
INN_5072,M_1036,Joe Root,ENG_132,England,15,14,1,0,107.14
INN_5072,M_1036,Ben Stokes,ENG_133,England,40,37,5,2,108.11
INN_5072,M_1036,Jos Buttler,ENG_134,England,4,5,0,0,80
INN_5072,M_1036,Liam Livingstone,ENG_135,England,32,31,4,2,103.23
INN_5072,M_1036,Moeen Ali,ENG_136,England,59,79,7,3,74.68
INN_5072,M_1036,Chris Woakes,ENG_137,England,74,67,9,4,110.45
INN_5072,M_1036,David Willey,ENG_138,England,91,70,11,5,130
INN_5072,M_1036,Adil Rashid,ENG_139,England,37,62,4,2,59.68
INN_5072,M_1036,Mark Wood,ENG_140,England,73,57,9,4,128.07
INN_5073,M_1037,Rohit Sharma,IND_100,India,10,17,1,0,58.82
INN_5073,M_1037,Shubman Gill,IND_101,India,66,38,8,4,173.68
INN_5073,M_1037,Virat Kohli,IND_102,India,97,69,12,6,140.58
INN_5073,M_1037,Shreyas Iyer,IND_103,India,12,25,1,0,48
INN_5073,M_1037,KL Rahul,IND_104,India,33,63,4,2,52.38
INN_5073,M_1037,Hardik Pandya,IND_105,India,32,59,4,2,54.24
INN_5073,M_1037,Ravindra Jadeja,IND_106,India,37,63,4,2,58.73
INN_5073,M_1037,Kuldeep Yadav,IND_107,India,77,75,9,4,102.67
INN_5073,M_1037,Mohammed Shami,IND_108,India,16,19,2,1,84.21
INN_5073,M_1037,Jasprit Bumrah,IND_109,India,106,62,13,6,170.97
INN_5073,M_1037,Mohammed Siraj,IND_110,India,35,23,4,2,152.17
INN_5074,M_1037,Jonny Bairstow,ENG_130,England,28,46,3,1,60.87
INN_5074,M_1037,Dawid Malan,ENG_131,England,39,75,4,2,52
INN_5074,M_1037,Joe Root,ENG_132,England,31,61,3,1,50.82
INN_5074,M_1037,Ben Stokes,ENG_133,England,69,55,8,4,125.45
INN_5074,M_1037,Jos Buttler,ENG_134,England,11,20,1,0,55
INN_5074,M_1037,Liam Livingstone,ENG_135,England,51,49,6,3,104.08
INN_5074,M_1037,Moeen Ali,ENG_136,England,35,46,4,2,76.09
INN_5074,M_1037,Chris Woakes,ENG_137,England,29,23,3,1,126.09
INN_5074,M_1037,David Willey,ENG_138,England,21,41,2,1,51.22
INN_5074,M_1037,Adil Rashid,ENG_139,England,118,71,14,7,166.2
INN_5074,M_1037,Mark Wood,ENG_140,England,73,55,9,4,132.73
INN_5075,M_1038,Jonny Bairstow,ENG_130,England,70,58,8,4,120.69
INN_5075,M_1038,Dawid Malan,ENG_131,England,121,71,15,7,170.42
INN_5075,M_1038,Joe Root,ENG_132,England,64,43,8,4,148.84
INN_5075,M_1038,Ben Stokes,ENG_133,England,4,8,0,0,50
INN_5075,M_1038,Jos Buttler,ENG_134,England,92,80,11,5,115
INN_5075,M_1038,Liam Livingstone,ENG_135,England,26,18,3,1,144.44
INN_5075,M_1038,Moeen Ali,ENG_136,England,20,12,2,1,166.67
INN_5075,M_1038,Chris Woakes,ENG_137,England,18,13,2,1,138.46
INN_5075,M_1038,David Willey,ENG_138,England,14,13,1,0,107.69
INN_5075,M_1038,Adil Rashid,ENG_139,England,82,63,10,5,130.16
INN_5075,M_1038,Mark Wood,ENG_140,England,44,49,5,2,89.8
INN_5076,M_1038,Abdullah Shafique,PAK_145,Pakistan,47,59,5,2,79.66
INN_5076,M_1038,Fakhar Zaman,PAK_146,Pakistan,18,31,2,1,58.06
INN_5076,M_1038,Babar Azam,PAK_147,Pakistan,5,5,0,0,100
INN_5076,M_1038,Mohammad Rizwan,PAK_148,Pakistan,89,54,11,5,164.81
INN_5076,M_1038,Saud Shakeel,PAK_149,Pakistan,101,66,12,6,153.03
INN_5076,M_1038,Iftikhar Ahmed,PAK_150,Pakistan,87,66,10,5,131.82
INN_5076,M_1038,Shadab Khan,PAK_151,Pakistan,48,55,6,3,87.27
INN_5076,M_1038,Usama Mir,PAK_152,Pakistan,57,52,7,3,109.62
INN_5076,M_1038,Shaheen Afridi,PAK_153,Pakistan,62,54,7,3,114.81
INN_5076,M_1038,Haris Rauf,PAK_154,Pakistan,23,22,2,1,104.55
INN_5076,M_1038,Hasan Ali,PAK_155,Pakistan,3,5,0,0,60
INN_5077,M_1039,Jonny Bairstow,ENG_130,England,71,48,8,4,147.92
INN_5077,M_1039,Dawid Malan,ENG_131,England,61,42,7,3,145.24
INN_5077,M_1039,Joe Root,ENG_132,England,45,44,5,2,102.27
INN_5077,M_1039,Ben Stokes,ENG_133,England,59,37,7,3,159.46
INN_5077,M_1039,Jos Buttler,ENG_134,England,13,16,1,0,81.25
INN_5077,M_1039,Liam Livingstone,ENG_135,England,82,52,10,5,157.69
INN_5077,M_1039,Moeen Ali,ENG_136,England,71,75,8,4,94.67
INN_5077,M_1039,Chris Woakes,ENG_137,England,22,13,2,1,169.23
INN_5077,M_1039,David Willey,ENG_138,England,80,73,10,5,109.59
INN_5077,M_1039,Adil Rashid,ENG_139,England,20,13,2,1,153.85
INN_5077,M_1039,Mark Wood,ENG_140,England,30,40,3,1,75
INN_5078,M_1039,David Warner,AUS_115,Australia,10,12,1,0,83.33
INN_5078,M_1039,Travis Head,AUS_116,Australia,74,45,9,4,164.44
INN_5078,M_1039,Mitchell Marsh,AUS_117,Australia,50,29,6,3,172.41
INN_5078,M_1039,Steve Smith,AUS_118,Australia,18,11,2,1,163.64
INN_5078,M_1039,Marnus Labuschagne,AUS_119,Australia,86,59,10,5,145.76
INN_5078,M_1039,Glenn Maxwell,AUS_120,Australia,49,70,6,3,70
INN_5078,M_1039,Josh Inglis,AUS_121,Australia,49,77,6,3,63.64
INN_5078,M_1039,Pat Cummins,AUS_122,Australia,23,18,2,1,127.78
INN_5078,M_1039,Mitchell Starc,AUS_123,Australia,34,46,4,2,73.91
INN_5078,M_1039,Adam Zampa,AUS_124,Australia,61,67,7,3,91.04
INN_5078,M_1039,Josh Hazlewood,AUS_125,Australia,126,72,15,7,175
INN_5079,M_1040,Abdullah Shafique,PAK_145,Pakistan,39,68,4,2,57.35
INN_5079,M_1040,Fakhar Zaman,PAK_146,Pakistan,8,7,1,0,114.29
INN_5079,M_1040,Babar Azam,PAK_147,Pakistan,42,24,5,2,175
INN_5079,M_1040,Mohammad Rizwan,PAK_148,Pakistan,85,55,10,5,154.55
INN_5079,M_1040,Saud Shakeel,PAK_149,Pakistan,34,25,4,2,136
INN_5079,M_1040,Iftikhar Ahmed,PAK_150,Pakistan,25,20,3,1,125
INN_5079,M_1040,Shadab Khan,PAK_151,Pakistan,67,75,8,4,89.33
INN_5079,M_1040,Usama Mir,PAK_152,Pakistan,18,15,2,1,120
INN_5079,M_1040,Shaheen Afridi,PAK_153,Pakistan,24,18,3,1,133.33
INN_5079,M_1040,Haris Rauf,PAK_154,Pakistan,50,49,6,3,102.04
INN_5079,M_1040,Hasan Ali,PAK_155,Pakistan,30,43,3,1,69.77
INN_5080,M_1040,Rohit Sharma,IND_100,India,43,34,5,2,126.47
INN_5080,M_1040,Shubman Gill,IND_101,India,19,16,2,1,118.75
INN_5080,M_1040,Virat Kohli,IND_102,India,20,18,2,1,111.11
INN_5080,M_1040,Shreyas Iyer,IND_103,India,35,67,4,2,52.24
INN_5080,M_1040,KL Rahul,IND_104,India,107,78,13,6,137.18
INN_5080,M_1040,Hardik Pandya,IND_105,India,53,74,6,3,71.62
INN_5080,M_1040,Ravindra Jadeja,IND_106,India,42,24,5,2,175
INN_5080,M_1040,Kuldeep Yadav,IND_107,India,70,57,8,4,122.81
INN_5080,M_1040,Mohammed Shami,IND_108,India,82,58,10,5,141.38
INN_5080,M_1040,Jasprit Bumrah,IND_109,India,12,19,1,0,63.16
INN_5080,M_1040,Mohammed Siraj,IND_110,India,5,5,0,0,100
INN_5081,M_1041,Abdullah Shafique,PAK_145,Pakistan,55,41,6,3,134.15
INN_5081,M_1041,Fakhar Zaman,PAK_146,Pakistan,112,67,14,7,167.16
INN_5081,M_1041,Babar Azam,PAK_147,Pakistan,5,6,0,0,83.33
INN_5081,M_1041,Mohammad Rizwan,PAK_148,Pakistan,73,56,9,4,130.36
INN_5081,M_1041,Saud Shakeel,PAK_149,Pakistan,51,45,6,3,113.33
INN_5081,M_1041,Iftikhar Ahmed,PAK_150,Pakistan,41,45,5,2,91.11
INN_5081,M_1041,Shadab Khan,PAK_151,Pakistan,103,68,12,6,151.47
INN_5081,M_1041,Usama Mir,PAK_152,Pakistan,86,57,10,5,150.88
INN_5081,M_1041,Shaheen Afridi,PAK_153,Pakistan,14,9,1,0,155.56
INN_5081,M_1041,Haris Rauf,PAK_154,Pakistan,37,38,4,2,97.37
INN_5081,M_1041,Hasan Ali,PAK_155,Pakistan,6,7,0,0,85.71
INN_5082,M_1041,Jonny Bairstow,ENG_130,England,20,18,2,1,111.11
INN_5082,M_1041,Dawid Malan,ENG_131,England,14,11,1,0,127.27
INN_5082,M_1041,Joe Root,ENG_132,England,23,18,2,1,127.78
INN_5082,M_1041,Ben Stokes,ENG_133,England,52,53,6,3,98.11
INN_5082,M_1041,Jos Buttler,ENG_134,England,37,41,4,2,90.24
INN_5082,M_1041,Liam Livingstone,ENG_135,England,34,25,4,2,136
INN_5082,M_1041,Moeen Ali,ENG_136,England,23,17,2,1,135.29
INN_5082,M_1041,Chris Woakes,ENG_137,England,33,23,4,2,143.48
INN_5082,M_1041,David Willey,ENG_138,England,35,52,4,2,67.31
INN_5082,M_1041,Adil Rashid,ENG_139,England,15,9,1,0,166.67
INN_5082,M_1041,Mark Wood,ENG_140,England,9,6,1,0,150
INN_5083,M_1042,Abdullah Shafique,PAK_145,Pakistan,23,23,2,1,100
INN_5083,M_1042,Fakhar Zaman,PAK_146,Pakistan,19,29,2,1,65.52
INN_5083,M_1042,Babar Azam,PAK_147,Pakistan,110,77,13,6,142.86
INN_5083,M_1042,Mohammad Rizwan,PAK_148,Pakistan,63,51,7,3,123.53
INN_5083,M_1042,Saud Shakeel,PAK_149,Pakistan,32,23,4,2,139.13
INN_5083,M_1042,Iftikhar Ahmed,PAK_150,Pakistan,44,71,5,2,61.97
INN_5083,M_1042,Shadab Khan,PAK_151,Pakistan,33,33,4,2,100
INN_5083,M_1042,Usama Mir,PAK_152,Pakistan,58,34,7,3,170.59
INN_5083,M_1042,Shaheen Afridi,PAK_153,Pakistan,80,55,10,5,145.45
INN_5083,M_1042,Haris Rauf,PAK_154,Pakistan,46,47,5,2,97.87
INN_5083,M_1042,Hasan Ali,PAK_155,Pakistan,51,54,6,3,94.44
INN_5084,M_1042,Rohit Sharma,IND_100,India,24,14,3,1,171.43
INN_5084,M_1042,Shubman Gill,IND_101,India,68,64,8,4,106.25
INN_5084,M_1042,Virat Kohli,IND_102,India,48,49,6,3,97.96
INN_5084,M_1042,Shreyas Iyer,IND_103,India,104,60,13,6,173.33
INN_5084,M_1042,KL Rahul,IND_104,India,46,53,5,2,86.79
INN_5084,M_1042,Hardik Pandya,IND_105,India,29,44,3,1,65.91
INN_5084,M_1042,Ravindra Jadeja,IND_106,India,23,18,2,1,127.78
INN_5084,M_1042,Kuldeep Yadav,IND_107,India,54,58,6,3,93.1
INN_5084,M_1042,Mohammed Shami,IND_108,India,113,74,14,7,152.7
INN_5084,M_1042,Jasprit Bumrah,IND_109,India,22,15,2,1,146.67
INN_5085,M_1043,Rohit Sharma,IND_100,India,99,57,12,6,173.68
INN_5085,M_1043,Shubman Gill,IND_101,India,138,77,17,8,179.22
INN_5085,M_1043,Virat Kohli,IND_102,India,101,62,12,6,162.9
INN_5085,M_1043,Shreyas Iyer,IND_103,India,78,67,9,4,116.42
INN_5085,M_1043,KL Rahul,IND_104,India,15,24,1,0,62.5
INN_5085,M_1043,Hardik Pandya,IND_105,India,18,14,2,1,128.57
INN_5085,M_1043,Ravindra Jadeja,IND_106,India,29,50,3,1,58
INN_5085,M_1043,Kuldeep Yadav,IND_107,India,30,55,3,1,54.55
INN_5085,M_1043,Mohammed Shami,IND_108,India,29,24,3,1,120.83
INN_5085,M_1043,Jasprit Bumrah,IND_109,India,38,47,4,2,80.85
INN_5085,M_1043,Mohammed Siraj,IND_110,India,25,28,3,1,89.29
INN_5086,M_1043,David Warner,AUS_115,Australia,108,75,13,6,144
INN_5086,M_1043,Travis Head,AUS_116,Australia,35,34,4,2,102.94
INN_5086,M_1043,Mitchell Marsh,AUS_117,Australia,7,14,0,0,50
INN_5086,M_1043,Steve Smith,AUS_118,Australia,66,47,8,4,140.43
INN_5086,M_1043,Marnus Labuschagne,AUS_119,Australia,20,36,2,1,55.56
INN_5086,M_1043,Glenn Maxwell,AUS_120,Australia,26,35,3,1,74.29
INN_5086,M_1043,Josh Inglis,AUS_121,Australia,79,65,9,4,121.54
INN_5086,M_1043,Pat Cummins,AUS_122,Australia,8,12,1,0,66.67
INN_5086,M_1043,Mitchell Starc,AUS_123,Australia,61,72,7,3,84.72
INN_5086,M_1043,Adam Zampa,AUS_124,Australia,67,55,8,4,121.82
INN_5086,M_1043,Josh Hazlewood,AUS_125,Australia,93,65,11,5,143.08
INN_5087,M_1044,David Warner,AUS_115,Australia,25,22,3,1,113.64
INN_5087,M_1044,Travis Head,AUS_116,Australia,11,13,1,0,84.62
INN_5087,M_1044,Mitchell Marsh,AUS_117,Australia,69,63,8,4,109.52
INN_5087,M_1044,Steve Smith,AUS_118,Australia,96,79,12,6,121.52
INN_5087,M_1044,Marnus Labuschagne,AUS_119,Australia,95,63,11,5,150.79
INN_5087,M_1044,Glenn Maxwell,AUS_120,Australia,99,63,12,6,157.14
INN_5087,M_1044,Josh Inglis,AUS_121,Australia,68,57,8,4,119.3
INN_5087,M_1044,Pat Cummins,AUS_122,Australia,65,42,8,4,154.76
INN_5087,M_1044,Mitchell Starc,AUS_123,Australia,45,30,5,2,150
INN_5087,M_1044,Adam Zampa,AUS_124,Australia,58,75,7,3,77.33
INN_5087,M_1044,Josh Hazlewood,AUS_125,Australia,79,59,9,4,133.9
INN_5088,M_1044,Rohit Sharma,IND_100,India,29,29,3,1,100
INN_5088,M_1044,Shubman Gill,IND_101,India,10,9,1,0,111.11
INN_5088,M_1044,Virat Kohli,IND_102,India,33,38,4,2,86.84
INN_5088,M_1044,Shreyas Iyer,IND_103,India,17,15,2,1,113.33
INN_5088,M_1044,KL Rahul,IND_104,India,8,8,1,0,100
INN_5088,M_1044,Hardik Pandya,IND_105,India,61,41,7,3,148.78
INN_5088,M_1044,Ravindra Jadeja,IND_106,India,30,27,3,1,111.11
INN_5088,M_1044,Kuldeep Yadav,IND_107,India,51,72,6,3,70.83
INN_5088,M_1044,Mohammed Shami,IND_108,India,107,77,13,6,138.96
INN_5088,M_1044,Jasprit Bumrah,IND_109,India,94,60,11,5,156.67
INN_5088,M_1044,Mohammed Siraj,IND_110,India,48,39,6,3,123.08
INN_5089,M_1045,Rohit Sharma,IND_100,India,94,54,11,5,174.07
INN_5089,M_1045,Shubman Gill,IND_101,India,12,13,1,0,92.31
INN_5089,M_1045,Virat Kohli,IND_102,India,65,58,8,4,112.07
INN_5089,M_1045,Shreyas Iyer,IND_103,India,18,33,2,1,54.55
INN_5089,M_1045,KL Rahul,IND_104,India,62,56,7,3,110.71
INN_5089,M_1045,Hardik Pandya,IND_105,India,56,51,7,3,109.8
INN_5089,M_1045,Ravindra Jadeja,IND_106,India,61,35,7,3,174.29
INN_5089,M_1045,Kuldeep Yadav,IND_107,India,25,35,3,1,71.43
INN_5089,M_1045,Mohammed Shami,IND_108,India,12,16,1,0,75
INN_5089,M_1045,Jasprit Bumrah,IND_109,India,57,50,7,3,114
INN_5089,M_1045,Mohammed Siraj,IND_110,India,124,73,15,7,169.86
INN_5090,M_1045,Jonny Bairstow,ENG_130,England,9,7,1,0,128.57
INN_5090,M_1045,Dawid Malan,ENG_131,England,8,14,1,0,57.14
INN_5090,M_1045,Joe Root,ENG_132,England,48,28,6,3,171.43
INN_5090,M_1045,Ben Stokes,ENG_133,England,84,74,10,5,113.51
INN_5090,M_1045,Jos Buttler,ENG_134,England,54,52,6,3,103.85
INN_5090,M_1045,Liam Livingstone,ENG_135,England,18,31,2,1,58.06
INN_5090,M_1045,Moeen Ali,ENG_136,England,113,79,14,7,143.04
INN_5090,M_1045,Chris Woakes,ENG_137,England,46,35,5,2,131.43
INN_5090,M_1045,David Willey,ENG_138,England,105,59,13,6,177.97
INN_5090,M_1045,Adil Rashid,ENG_139,England,43,38,5,2,113.16
INN_5090,M_1045,Mark Wood,ENG_140,England,73,47,9,4,155.32
INN_5091,M_1046,David Warner,AUS_115,Australia,42,71,5,2,59.15
INN_5091,M_1046,Travis Head,AUS_116,Australia,61,77,7,3,79.22
INN_5091,M_1046,Mitchell Marsh,AUS_117,Australia,85,79,10,5,107.59
INN_5091,M_1046,Steve Smith,AUS_118,Australia,31,25,3,1,124
INN_5091,M_1046,Marnus Labuschagne,AUS_119,Australia,61,54,7,3,112.96
INN_5091,M_1046,Glenn Maxwell,AUS_120,Australia,10,20,1,0,50
INN_5091,M_1046,Josh Inglis,AUS_121,Australia,106,77,13,6,137.66
INN_5091,M_1046,Pat Cummins,AUS_122,Australia,10,18,1,0,55.56
INN_5091,M_1046,Mitchell Starc,AUS_123,Australia,96,73,12,6,131.51
INN_5091,M_1046,Adam Zampa,AUS_124,Australia,16,15,2,1,106.67
INN_5091,M_1046,Josh Hazlewood,AUS_125,Australia,30,29,3,1,103.45
INN_5092,M_1046,Abdullah Shafique,PAK_145,Pakistan,98,74,12,6,132.43
INN_5092,M_1046,Fakhar Zaman,PAK_146,Pakistan,37,61,4,2,60.66
INN_5092,M_1046,Babar Azam,PAK_147,Pakistan,73,45,9,4,162.22
INN_5092,M_1046,Mohammad Rizwan,PAK_148,Pakistan,57,42,7,3,135.71
INN_5092,M_1046,Saud Shakeel,PAK_149,Pakistan,40,61,5,2,65.57
INN_5092,M_1046,Iftikhar Ahmed,PAK_150,Pakistan,8,5,1,0,160
INN_5092,M_1046,Shadab Khan,PAK_151,Pakistan,28,21,3,1,133.33
INN_5092,M_1046,Usama Mir,PAK_152,Pakistan,24,31,3,1,77.42
INN_5092,M_1046,Shaheen Afridi,PAK_153,Pakistan,11,9,1,0,122.22
INN_5092,M_1046,Haris Rauf,PAK_154,Pakistan,113,64,14,7,176.56
INN_5092,M_1046,Hasan Ali,PAK_155,Pakistan,118,75,14,7,157.33
INN_5093,M_1047,Jonny Bairstow,ENG_130,England,25,18,3,1,138.89
INN_5093,M_1047,Dawid Malan,ENG_131,England,15,18,1,0,83.33
INN_5093,M_1047,Joe Root,ENG_132,England,21,19,2,1,110.53
INN_5093,M_1047,Ben Stokes,ENG_133,England,40,23,5,2,173.91
INN_5093,M_1047,Jos Buttler,ENG_134,England,62,54,7,3,114.81
INN_5093,M_1047,Liam Livingstone,ENG_135,England,81,65,10,5,124.62
INN_5093,M_1047,Moeen Ali,ENG_136,England,40,23,5,2,173.91
INN_5093,M_1047,Chris Woakes,ENG_137,England,56,38,7,3,147.37
INN_5093,M_1047,David Willey,ENG_138,England,90,76,11,5,118.42
INN_5093,M_1047,Adil Rashid,ENG_139,England,10,9,1,0,111.11
INN_5093,M_1047,Mark Wood,ENG_140,England,86,59,10,5,145.76
INN_5094,M_1047,Rohit Sharma,IND_100,India,84,61,10,5,137.7
INN_5094,M_1047,Shubman Gill,IND_101,India,40,25,5,2,160
INN_5094,M_1047,Virat Kohli,IND_102,India,31,19,3,1,163.16
INN_5094,M_1047,Shreyas Iyer,IND_103,India,60,38,7,3,157.89
INN_5094,M_1047,KL Rahul,IND_104,India,115,80,14,7,143.75
INN_5094,M_1047,Hardik Pandya,IND_105,India,21,23,2,1,91.3
INN_5094,M_1047,Ravindra Jadeja,IND_106,India,74,48,9,4,154.17
INN_5094,M_1047,Kuldeep Yadav,IND_107,India,92,52,11,5,176.92
INN_5094,M_1047,Mohammed Shami,IND_108,India,25,28,3,1,89.29
INN_5094,M_1047,Jasprit Bumrah,IND_109,India,36,57,4,2,63.16
INN_5094,M_1047,Mohammed Siraj,IND_110,India,28,33,3,1,84.85
INN_5095,M_1048,Jonny Bairstow,ENG_130,England,50,57,6,3,87.72
INN_5095,M_1048,Dawid Malan,ENG_131,England,67,43,8,4,155.81
INN_5095,M_1048,Joe Root,ENG_132,England,49,60,6,3,81.67
INN_5095,M_1048,Ben Stokes,ENG_133,England,39,61,4,2,63.93
INN_5095,M_1048,Jos Buttler,ENG_134,England,7,14,0,0,50
INN_5095,M_1048,Liam Livingstone,ENG_135,England,79,79,9,4,100
INN_5095,M_1048,Moeen Ali,ENG_136,England,73,72,9,4,101.39
INN_5095,M_1048,Chris Woakes,ENG_137,England,48,39,6,3,123.08
INN_5095,M_1048,David Willey,ENG_138,England,48,29,6,3,165.52
INN_5095,M_1048,Adil Rashid,ENG_139,England,21,22,2,1,95.45
INN_5095,M_1048,Mark Wood,ENG_140,England,29,19,3,1,152.63
INN_5096,M_1048,Rohit Sharma,IND_100,India,21,12,2,1,175
INN_5096,M_1048,Shubman Gill,IND_101,India,9,17,1,0,52.94
INN_5096,M_1048,Virat Kohli,IND_102,India,109,62,13,6,175.81
INN_5096,M_1048,Shreyas Iyer,IND_103,India,118,80,14,7,147.5
INN_5096,M_1048,KL Rahul,IND_104,India,27,16,3,1,168.75
INN_5096,M_1048,Hardik Pandya,IND_105,India,64,69,8,4,92.75
INN_5096,M_1048,Ravindra Jadeja,IND_106,India,129,79,16,8,163.29
INN_5096,M_1048,Kuldeep Yadav,IND_107,India,7,13,0,0,53.85
INN_5096,M_1048,Mohammed Shami,IND_108,India,62,43,7,3,144.19
INN_5096,M_1048,Jasprit Bumrah,IND_109,India,48,65,6,3,73.85
INN_5096,M_1048,Mohammed Siraj,IND_110,India,63,41,7,3,153.66
INN_5097,M_1049,Jonny Bairstow,ENG_130,England,11,7,1,0,157.14
INN_5097,M_1049,Dawid Malan,ENG_131,England,55,60,6,3,91.67
INN_5097,M_1049,Joe Root,ENG_132,England,69,43,8,4,160.47
INN_5097,M_1049,Ben Stokes,ENG_133,England,34,20,4,2,170
INN_5097,M_1049,Jos Buttler,ENG_134,England,67,77,8,4,87.01
INN_5097,M_1049,Liam Livingstone,ENG_135,England,49,56,6,3,87.5
INN_5097,M_1049,Moeen Ali,ENG_136,England,29,19,3,1,152.63
INN_5097,M_1049,Chris Woakes,ENG_137,England,57,66,7,3,86.36
INN_5097,M_1049,David Willey,ENG_138,England,80,54,10,5,148.15
INN_5097,M_1049,Adil Rashid,ENG_139,England,97,73,12,6,132.88
INN_5097,M_1049,Mark Wood,ENG_140,England,66,77,8,4,85.71
INN_5098,M_1049,Abdullah Shafique,PAK_145,Pakistan,47,30,5,2,156.67
INN_5098,M_1049,Fakhar Zaman,PAK_146,Pakistan,24,14,3,1,171.43
INN_5098,M_1049,Babar Azam,PAK_147,Pakistan,65,59,8,4,110.17
INN_5098,M_1049,Mohammad Rizwan,PAK_148,Pakistan,90,56,11,5,160.71
INN_5098,M_1049,Saud Shakeel,PAK_149,Pakistan,119,80,14,7,148.75
INN_5098,M_1049,Iftikhar Ahmed,PAK_150,Pakistan,4,5,0,0,80
INN_5098,M_1049,Shadab Khan,PAK_151,Pakistan,68,72,8,4,94.44
INN_5098,M_1049,Usama Mir,PAK_152,Pakistan,71,62,8,4,114.52
INN_5098,M_1049,Shaheen Afridi,PAK_153,Pakistan,75,52,9,4,144.23
INN_5098,M_1049,Haris Rauf,PAK_154,Pakistan,63,45,7,3,140
INN_5098,M_1049,Hasan Ali,PAK_155,Pakistan,74,67,9,4,110.45
INN_5099,M_1050,Jonny Bairstow,ENG_130,England,99,68,12,6,145.59
INN_5099,M_1050,Dawid Malan,ENG_131,England,88,55,11,5,160
INN_5099,M_1050,Joe Root,ENG_132,England,75,58,9,4,129.31
INN_5099,M_1050,Ben Stokes,ENG_133,England,86,56,10,5,153.57
INN_5099,M_1050,Jos Buttler,ENG_134,England,103,59,12,6,174.58
INN_5099,M_1050,Liam Livingstone,ENG_135,England,22,35,2,1,62.86
INN_5099,M_1050,Moeen Ali,ENG_136,England,62,57,7,3,108.77
INN_5099,M_1050,Chris Woakes,ENG_137,England,87,71,10,5,122.54
INN_5099,M_1050,David Willey,ENG_138,England,22,16,2,1,137.5
INN_5099,M_1050,Adil Rashid,ENG_139,England,62,41,7,3,151.22
INN_5099,M_1050,Mark Wood,ENG_140,England,93,58,11,5,160.34
INN_5100,M_1050,David Warner,AUS_115,Australia,55,61,6,3,90.16
INN_5100,M_1050,Travis Head,AUS_116,Australia,5,8,0,0,62.5
INN_5100,M_1050,Mitchell Marsh,AUS_117,Australia,75,64,9,4,117.19
INN_5100,M_1050,Steve Smith,AUS_118,Australia,80,47,10,5,170.21
INN_5100,M_1050,Marnus Labuschagne,AUS_119,Australia,35,63,4,2,55.56
INN_5100,M_1050,Glenn Maxwell,AUS_120,Australia,79,67,9,4,117.91
INN_5100,M_1050,Josh Inglis,AUS_121,Australia,41,23,5,2,178.26
INN_5100,M_1050,Pat Cummins,AUS_122,Australia,40,64,5,2,62.5
INN_5100,M_1050,Mitchell Starc,AUS_123,Australia,42,28,5,2,150
INN_5100,M_1050,Adam Zampa,AUS_124,Australia,38,74,4,2,51.35
INN_5100,M_1050,Josh Hazlewood,AUS_125,Australia,40,42,5,2,95.24
